name;quantity
75006 RED;146
71062 CRE;0
71062 BLU;18
71062 YEL;22
71060 BLU;18
71060 YEL;18
V311RAIN;0
V311LOCO;0
V311LOL;53
12272;0
71061 CRE;21
71061 BLU;34
71061 YEL;34
71064 ORA;49
71064 TUR;0
71063 VIO;37
71063 BEI;14
71050 BLA;9
71058 BEI;11
23026;121
71051 FUX;6
71054 BRO;7
71054 GRY;17
71054 VIO;30
71057 VIN;4
71057 BEI;23
71065 BLA;0
71066 BLA;4
71066 BEI;15
81017;0
81020;430
81023;4158
81024;4392
81025;3925
P81017;971
81026;0
81027;0
81028;0
81041;641
75051 BRO;108
75051 BLU;105
75051 GRY;113
75053 BRO;110
75053 BLU;116
59100 TUR;14
59100 BLU;3
59100 RED;3
59100 GRE;4
59100 YEL;44
59100 PIN;4
59100 VIO;0
59101 TUR;4
59101 BLU;49
59101 RED;64
59101 GRE;52
59101 YEL;25
59101 PIN;9
59101 VIO;46
59103 TUR;0
59103 BLU;0
59103 RED;0
59103 GRE;0
59103 YEL;28
59103 PIN;4
59103 VIO;0
59104 GRE;3
59104 YEL;35
59104 PIN;0
59104 VIO;39
75052 RED;131
75052 BLA;122
23076;0
23076G;0
23076RG;56
23074G;49
57004 WHI;62
57004 BLA;292
57004 BLU;50
57004 VIO;70
57004 DBLU;1
57004 GRE;12
57004 GOL;41
57004 DRED;14
57017 BLA;83
57017 WHI;0
57017 BLU;159
57018 WHI;0
57018 BLU;0
81001M CBEI;13
81001M DBLU;25
81001M TUR;30
81001M PUR;31
81001M LGRY;5
81001M DGRY;29
81001M DBEI;39
81001M BLA;19
81002M CBEI;5
81002M DBLU;7
81002M TUR;28
81002M PUR;21
81002M DGRY;30
81002M DBEI;2
81004M BLA;5
81004M LGRY;25
81004M DGRY;11
81003M DBLU;12
81003M TUR;13
81003M PUR;17
81006M DBLU;14
81006M CBEI;12
81007M BLA;8
81007M CBEI;4
81007M DBEI;5
81010M RED;0
81010M PUR;0
81011M PIN;0
81011M TUR;0
81012M BLA;0
81012M FUX;0
81013M BLU;0
81013M YEL;0
23145;28
11073;0
81001S CBEI;17
81001S DBLU;18
81001S TUR;25
81001S PUR;24
81001S LGRY;14
81001S DGRY;2
81001S DBEI;10
81001S BLA;11
81002S CBEI;6
81002S PUR;25
81002S LGRY;16
81002S DGRY;4
81002S DBEI;4
81002S BLA;1
81004S BLA;20
81004S LGRY;2
81004S DGRY;3
81003S DBLU;7
81003S TUR;10
81003S PUR;8
81005S DBLU;4
81005S PUR;0
81006S DBLU;11
81006S CBEI;4
81007S BLA;3
81007S CBEI;5
81007S DBEI;7
81010XS RED;66
81010S RED;0
81010XS PUR;10
81010S PUR;0
81011XS PIN;0
81011S PIN;0
81011XS TUR;0
81011S TUR;0
81012XS BLA;0
81012S BLA;0
81012XS FUX;0
81012S FUX;0
81013XS BLU;0
81013S BLU;0
81013XS YEL;0
81013S YEL;0
81014XS;0
81014S;0
81015S;18
81016S;0
81003S BLA;11
81003M BLA;9
81019M GRY;0
81019S GRY;0
81019XS GRY;0
23018;2
12290;28
12290G;0
12290RG;0
72009 BLA;18
72009 RED;24
72009 BEI;17
71049 GRY;4
23068G;0
23068RG;0
23068;0
72004 BLA;24
72004 BEI;28
74027 001;4
57140R;0
57140G;105
72008 ROS;31
72008 BLA;23
57143 001;0
57143 RED;0
62192;4
71038 RED;3
72010 BLA;3
72010 BEI;23
72011 BLU;0
72011 YEL;16
12294G;75
12294RG;90
12294;62
11935;4
11356G;29
22967;0
22967G;0
P22372;0
12244;73
12244G;0
23017;18
23091;23
61273;29
61273G;30
61273 WHI;0
61273G WHI;0
57131;182
22914;0
22914RG;0
12156;0
12156RG;0
23135G;72
57141GR 001;0
57141BL 001;14
57141BL 280;17
57141 215;4
57141 202;0
57141 227;108
57141 502;102
22904;0
22904G;0
22904RG;0
23114;46
23114G;32
57141 229;0
11440;0
23161G;0
11347;2
22014;0
22778;98
11952;42
22778G;40
11952G;8
23019;0
23147;14
11558G;0
23160G;0
23016;0
23016G;0
23032;0
62193;0
62196;0
62197;4
23004;131
23005;0
22188R;8
11557R;0
23080;1
23080G;0
22678R;0
23069G;31
23069;5
23069RG;57
22312;0
11754;0
12152;0
22912;0
22912RG;0
12246;1
L2014;16
12311G;5
23100;1
23100G;21
23100RG;40
22987;13
22996;17
61267;0
62140;9
11727;128
22777;14
22777RG;12
22964RG;13
22966;1
22966G;0
63526;21
63526RG;0
57129 BLU;194
57129 ORA;305
22688;28
22995;0
12252R;48
12252RG;5
11395;21
11570G;89
11570R;25
11752;5
58045R;15
58045G;34
74015 202;169
11920RG;181
11991;14
22915;0
22915RG;0
62107;16
62107G;25
23070G;66
23070;52
23070RG;66
23039;40
23039G;0
23039RG;0
62194;3
12428G;36
75024 RED;43
75024 GRY;99
58010;0
75022 BRO;0
11801 GRE;0
12184;0
23003RG;49
23003;65
23107G;80
75040 RED;197
75040 BEI;101
23042;0
23042G;0
75014 BLA;101
75014 RED;54
75014 WHI;164
75033 BRO;344
75033 BLA;377
32181;1
75039 SIL;83
75039 GOL;106
75042;66
11757G;0
11757 215;20
11757 266;0
75046 BLA;34
22801;183
22926R;67
22926G;0
23073 GRE;0
23073G GRE;0
23073 RED;67
23073G RED;26
63294S;4
63294M;6
63294L;9
63294XL;4
75004 RED;174
75004 BRO;29
75017 BLA;1
75018 BRO;36
75018 PUR;30
75020 RED;141
75020 WHI;147
75029 RED;84
11463;0
75031 TUR;0
22974;0
75009 WHI;62
58019;0
75030 BLU;1
75030 PIN;2
75030 YEL;0
75030 GRE;1
75030 ORA;0
11638G;1
75036 BLA;63
75036 BRO;44
75037 BRO;99
75038;369
11777;26
22930RG;0
22930;0
12253R;0
12253RG;2
62155;14
65020 BLA;174
75007 BLA;233
75007 BRO;168
75016 BLA;124
75016 WHI;121
75028 BLA;176
75028 BRO;196
11441 001;0
11804;0
75045 RED;18
75045 BEI;0
75047 BLA;60
75047 RED;119
75048 RED;50
75048 BRO;7
22999;36
23012R;14
23012RG;12
23013R;0
23013RG;14
12438;19
12438G;17
75025 ORA;70
75025 PUR;133
75026 PUR;75
75026 YEL;100
65049 BLU;45
65049 BRO;74
11902;2
22868;0
11519;0
65053 WHI;50
65053 BLA;38
11753;8
11791R;1
75044 BRO;146
75044 GRY;133
11908;2
22756;1
11914;32
22769;0
75050 BLA;51
75050 BRO;37
22869 204;5
22869 211;1
22869 226;17
12134R;8
12134G;14
12206;33
23002;40
12250;12
23010;0
23029;0
12293G;61
12293RG;33
12293;78
62156;27
23043;6
23043G;0
12332;2
12333;0
62227;0
12426;29
11078;1
22148;50
65035 ORA;61
65035 BLA;70
75035 BLA;410
75035 BRO;437
11590;21
75049 BEI;85
75049 BLU;53
22929R;0
22929G;0
75003 BLA;403
22035 001;0
22723;0
12150;2
12150RG;15
22911;67
22911RG;1
12185;0
12185RG;0
12245 219;5
12245 142;5
12245 107;11
12245 147;9
11230R;13
11230G;8
75015 BLU;14
75015 BRO;228
65036 ORA;87
65036 YEL;82
65036 RED;9
65036 GRE;77
22304 001;12
65037 ORA;181
65037 BLU;65
75032 PIN;221
75032 TUR;214
75032 ORA;173
12370;8
23131;103
12417G;52
12417RG;43
12417;12
23131G;29
23131RG;53
23132G;77
23142;44
11095;34
75019 BRO;210
75019 GRY;157
75019 WHI;180
22426G;82
22426G;82
22426R;60
11616 BLU;10
65052 WHI;0
65052 BLA;0
65050 RG;0
11692R;4
11905;0
62142;0
58002;0
75001 BLA;6
11410;2
11667R;1
11667G;0
58043R;0
58043G;0
22685R;9
65058 BLU;0
65058 WHI;25
65060 WHI;29
62111;0
12251;0
23011;0
23071G;83
23071RG;88
23071;69
62188G;0
62154;33
12289G;41
12289RG;62
12289;5
12335;14
12336;34
12337;12
23079;1
23079G;2
23079RG;52
23115G;44
23115G BLA;59
58050;15
58050G;14
63540;0
12442;0
22606R;0
11763;0
11909;0
11911 129;0
11911 202;4
22067;0
58013;22
22158R;0
75012 BLA;25
65041 001;3
65041 GOL;0
11742;107
22677G;0
22712;0
12003RG 920;0
22927R;0
23000;7
22677GS;7
23106RG;95
58001;0
75002 RED;356
75002 GRY;56
75002 BRO;140
75006 BLA;72
11200;27
11951;58
11951RG;12
12012 MUL;44
12012 BLU;39
22885R;64
22885RG;0
12234 204;4
12234 206;32
12234 208;0
12234 205;6
23101;18
23101G;15
23101RG;37
65038 001;0
65038 BLA;57
65021 BLA;92
65021 BRO;28
75010 SIL;308
75010 BLA;164
58028R;0
74033;0
61091;0
22590 208;0
11670 208;0
22590 205;7
11670 205;9
11697;0
11723;13
65054 WHI;37
65054 GRY;40
65055 RG;6
65055 BLA;0
65055 WHI;18
41135S;0
41135M;0
41135L;0
41135XL;0
11792 BLU;81
22695;0
11825;25
11879;83
65057 BLA;45
65057 BLU;69
11975;8
22808RG;0
12129;0
L1001PIN;48
L1001BLU;45
22921;7
22931;0
22931G;0
12242;0
23015 GRE;47
23015 ROS;77
23015 BLU;0
12255 GRE;130
12255 ROS;101
12255 BLU;65
62141;0
32326 207;27
32326 202;7
32326 214;0
32326 379;67
32326 212;0
32326 001;0
32326G;0
32326RG;0
11138;4
11210 207;0
75013 BUR;181
75013 BRO;63
11236;0
11605;16
58046R;18
11881 207;2
12031R 922;0
12031RG 920;0
12243;36
12243G;0
23006;0
12321;20
12321G;13
12321RG;1
23109RG;94
22194;9
11397 001;3
74036;1
65051 SIL;0
65051 GOL;0
22751;0
22959;0
12190;5
22960;9
22965;0
22965G;14
22992;0
12269;0
62228;10
23112G;39
23112G BLA;56
22110;0
63902;7
11817;14
41143 VIO;0
41143 BLA;0
11871 VIO;0
11871 BLA;0
11996;27
22805;91
65061 BLA;0
65061 WHI;25
12058;0
62106;0
62177;0
23055;0
23088;6
23117;4
12393;10
22204;22
22207G;4
22207R;2
63207;6
11548R;0
11548G;0
11725;5
11755 215;0
62076;0
11884R;0
11884RG;2
11968;0
22802 BLU;0
22802 GRE;0
22802RG;3
12053;11
58047;3
32279;45
32279G;0
12183R;0
22975;0
61183;0
12228;25
22802RG 001;0
23041;59
23041G;58
23041RG;91
61233;0
62195;1
62205;35
23064;0
23072;0
23072G;0
23102;0
23102G;6
23102RG;37
23110G;65
11074R;28
22111R;2
22111G;0
65039 001;91
65039 RED;59
11769;3
22710 238;6
22710 371;0
11820 238;1
11820 371;0
11970;30
22787;6
22787RG;0
12133G;10
23081;2
23081G;0
23045;26
23045G;35
23045RG;78
23081RG;6
12392;18
58016R;0
11148 001;0
11148 206;0
54027;24
41093S;0
22451;57
11651G;0
22654;5
62075;45
11826;778
22773;0
12011 MUL;86
12011 BLU;102
22854RG;0
56027;85
12159;0
12340;8
12340G;16
23119G;71
12439;35
12439G;57
58006 202;0
58006 223;1
22113;0
54004;0
11212;2
11246 202;24
11246 204;0
11246G;0
54059;0
22389R;0
22389G;0
22389 922;0
22389 263;0
22389G 319;0
11671R;14
11671G;14
22389 202;0
67023M BLU;0
67023L BLU;0
22732R;41
22732RG;0
22389 223;129
22779;0
65062 WHI;97
65062 BLU;26
65062 BLA;30
65064 BLA;7
65064 BLU;22
65064 BEI;2
65064 WHI;0
61194;21
22389 142;0
61234;0
23130G;0
23130RG;42
23143;18
23144;8
66000;3
74010 BLA;7
54067;6
41110GXL;0
41110RS;31
41110RM;30
41110RL;37
41110RXL;51
11577;0
11765;8
61134;0
22809RG 920;0
12042R;14
12042RG;5
62124;29
62128;0
11137;46
11337;4
22315;1
54063;25
11137G;0
11523R;93
11523G;92
11523 922;2
22417G;0
22417R;0
11562;0
11523 263;0
11523G 319;0
11571G;82
11571R;9
61115;16
11677 202;13
11724;10
65056 GOL;0
11816;15
11824;9
39102;0
11883 BLU;63
11523 223;133
11883 SIL;6
11953;0
22785;105
22759 110;0
22759 132;0
22759 129;0
22759RG 132;0
22759RG 106;0
11999;17
61151 WHI;8
22833R 922;0
22833RG 920;0
61151 RED;0
61151 GRE;0
12044RG;49
12045;12
12059;0
12132 BLU;0
22905 BLU;0
12149G;0
12149R;0
22910R;0
22910G;0
61170;0
L5010STLOL;24
L5010RGLOL;36
22922;3
22759 202;2
22759RG 001;0
12189;0
12200;1
12200G;0
58049;2
32312 BLU;12
12247;23
23007;0
11523 142;9
23040RG;59
23040G;32
23040;4
62200G;0
61199RG TAN;10
61199 GRE;19
61199 WHI;22
61199 AQU;24
61199 VIO;7
61200;22
62149;25
62159;48
62210;17
23047;0
23047G;0
23047RG;0
23056;0
12283;9
23118;9
61254;0
23105G;49
12380G;69
23133RG;103
11022 001;5
22199 207;0
22579R;0
11683R;14
11810;7
22834 205;4
22834 207;0
22834 208;0
12061;0
61195;12
22288;0
22012;0
11512G;4
11512 539;32
41060 208;0
11567 001;0
11650R;0
11661;25
22617R;0
11714;5
22652RG;0
11815;783
11870;5
11918 207;0
22728 207;109
11946;0
22841R;101
22841RG;63
12073RG 266;0
12073RG 204;0
12120;6
22928R;0
22928G;0
58048;12
61184;0
62121;1
62122;5
62172;0
62191;8
12379G;62
23103G;6
61268;8
11335 266;0
11335 208;0
54056;0
74032;2
61102;0
22586;0
11335 539;0
11899 BLU;0
11899 922;3
22748 BLU;0
22748 922;0
11990 CAL;107
11990 BLU;0
12056;0
L2010DIV;0
L2010MER;0
L2010QUE;3
22916 001;0
22916 920;0
22916 204;17
22916 207;5
22916 208;13
L2013MER;50
L2013BAB;52
L2013SPL;32
22916 142;34
62123;10
62125;0
23031R;2
23031G;1
L2019;89
22916 319;0
41180S;58
41180M;80
41180L;36
41180XL;57
23067;0
12329;0
12329G;1
23104;8
63545;83
63336S;0
63336M;0
63336L;0
63336XL;0
22097;1
22206G;0
22206R;3
22216 001;0
61074 001;0
54066;53
62057 001;0
62057 BLU;0
11806;0
22693 BLU;0
22693 GRE;0
11873;45
12021 207;1
12060;0
22856RG 204;0
63242;0
61172;0
22935;0
23035G;0
23035;0
62174;0
23062;0
12328;0
12328G;11
62185;4
61266;23
12429G;82
12437;26
12437G;48
61276;18
61281;18
62129;0
11038;30
63801 BLU;2
22331 001;49
22331 266;1
22331G 001;13
11536 001;0
11536 202;0
11575;48
11575G;5
22594R;39
22594G;0
11713;0
11733;3
11809;1
11819;19
22730 BLU;4
11882 BLU;8
11904;0
11882 SIL;0
11882G;0
41145M SIL;0
41145L SIL;0
41145XL SIL;0
41145M BLU;18
41145L BLU;14
41145XL BLU;24
11945;0
11955;0
11969;83
11973;0
11973RG;0
11995 WHI;0
11997;0
11995 BLA;0
11995 FUX;1
62092 WHI;11
62092 RED;20
62092 GRE;5
12054;0
12079 205;6
12079 208;49
12079 207;5
63243;0
12145;24
22909R;2
22909G;2
62105;21
62105G;0
12157 001;0
12157 246;0
12157 920;4
12157 204;27
12157 207;12
12157 208;27
61177;0
12157 142;32
32311;0
32325 001;2
32325G;4
32325 280;0
32325RG;4
L1016;18
L1017;102
L1019;63
12157 319;0
62171;1
62190G;0
61198RG TAN;5
61198 GRE;6
61198 WHI;11
61198 AQU;5
61198 VIO;3
62148;18
12330;0
12330G;0
12338;11
12338G;10
23095;9
12404;87
12384G;88
12389G;54
12415G;92
12389RG;59
12411G;63
23158;0
23158G;14
23162G WHI;79
23162G GRE;75
62237;10
62248;18
32022R;0
11077R;0
11077G;0
32022G;38
41085RXL;0
61100;0
22559 DAR;9
22559 CRE;1
11633R;1
11646R;0
11744R 001;3
11744R 205;4
11744G 001;0
11744G 205;5
11744RG 001;0
11744RG 205;0
12016G;0
12018;0
12032 205;36
12032 207;17
12032 208;35
12064;0
12124 BLU;0
12124RG;0
61166;16
61167;0
61168;0
62104;0
11744R 206;0
11744R 227;10
11744G 227;12
11744G 206;2
12270;0
41184RGS;5
41184RGM;3
41184S;3
41184M;0
41184L;0
41184XL;0
23061;0
23065;0
41184RGXL;21
41184RGL;10
61238;20
62213;56
61259;0
62213RG;58
12435;22
12435G;31
22329G;0
22329R;0
41138LXL;0
22819 207;0
12050;68
12055;0
12111;0
12139;12
L1002PIN;41
L1002BLU;74
12191;0
12207 204;2
12207 205;0
12207 207;1
12207 208;1
12248;1
23008;24
12249;1
23009;0
62143;26
61197;0
12292G;0
12292RG;40
12292;48
12288G;39
12288;40
12288RG;32
63291S;23
63291M;20
63291L;9
63291XL;10
62180;0
62146RG TAN;0
62146 GRE;13
62146 WHI;23
62146 AQU;28
62146 VIO;9
23044;10
23044G;8
23044RG;5
23046;0
23046G;0
23046RG;0
12280;0
62203;23
62153;49
23140;0
23141G;25
62215;0
23140G;1066
23164G;79
62247;29
22074R;0
22074G;0
11295;284
61079;0
22025;0
11522 001;31
22388 001;0
22713G;0
11891;0
11903R;62
11903G;12
22780G;0
41146S;11
41146M;25
41146L;38
41146XL;30
11989;1
12002;3
12010 MUL;88
12010 MUL;88
12010 BLU;97
22837R;2
22837RG;37
22845;73
62095;0
12063;0
22867R 142;1
22867R 107;0
22867G 001;0
12113;1
12135;0
12138;0
L1011MER;0
L1011QUE;0
L2011DIV;3
L2011MER;0
L2011QUE;23
L1013MER;37
L1013BAB;63
L1013SPL;33
22934R;0
22934G;0
61178;2
12195RG;28
22972;29
L1018;67
62163;44
23123;45
23124 GRE;43
23124 BLA;40
12413G;55
12413RG;66
12421;1
23155;19
23155G;20
66001;11
32063;12
41053RL;0
11328;0
22599 202;1
22698;6
61135;34
11859;0
11890 BLU;0
11890 VIO;0
11976;0
12057;0
12093;93
12096;0
12097;0
12098;0
12099;0
12100;0
12101;0
12102;0
12103;0
12104;0
12105;0
12106;0
12107;0
12118R;0
32272R;0
41150M 202;0
41150L 202;0
41150XL 202;0
41150M 223;0
41150L 223;0
41150XL 223;0
12170 202;0
12170 223;0
32295;36
32295RG;33
22962;0
12238;88
32309;97
61206;23
62170;4
12400G;0
12400RG;41
12414G;98
12425;1
11032;0
58009;1
11143;8
22183;4
22201;31
11272;5
32099;11
74031;64
11610R;47
41122S BLU;0
41122M BLU;4
41122L BLU;3
41122XL BLU;0
41123XL RED;0
22618;0
11797;0
32205 920;0
32205 502;0
32207 227;0
32207 001;0
32207 205;0
32207 204;0
32207 207;0
32207 215;0
32207 206;0
22708;27
11897;4
11898 BLU;13
11898 AB;29
22747 BLU;0
22747 AB;14
22729 001;0
22729 539;0
22729 205;6
22729 276;10
22729 296;0
22729 215;0
22766G;5
11944;84
11944RG;33
11954G;0
22783R;1
22783G;0
11974 129;0
61147;19
11974 202;26
22823;0
12046;0
22848 001;0
12052R 001;51
12052R 205;0
12052R 208;0
12089;0
22872;33
22897;4
12122;0
12126;57
22901;0
12147;0
22908;0
22908;0
61171;0
62109;11
12158R 202;0
12158R 001;0
12158G 001;77
L3012DIV;0
L3012MER;0
L3012QUE;0
12169 207;0
12169 920;0
12169 205;0
12052R 202;8
12052RG 001;93
12158R 208;0
11974RG 001;0
12204;6
12209;0
12227G;0
12227R;0
32310;12
12267 001;10
12267 211;14
12267 319;5
12267 214;23
22694 539;0
22766G 001;0
12276;8
12276G;1
12276RG;0
12169 001;16
61214;0
61214RG VIO;0
62187;0
62158;26
23057;0
32372;53
32372G;48
23087;0
23087G;0
23085;0
23085G;0
23086;2
23086G;14
32379;16
32379G;18
23090;18
23090G;14
23078;0
23078G;4
23078RG;0
62201;32
23096;7
23096G;36
61241;0
63295S;25
63295M;27
63295L;29
63295XL;28
23126 RED;39
23126 WHI;34
23126 VIO;37
23126 ORA;40
61265;33
61252;12
62225;11
62231;0
61260;0
63330S;0
63330M;1
63330L;3
63330XL;0
62233;9
61264;1
32409G;41
32411RG;33
32411G;27
62214;0
32409G BLA;30
41209GS;10
41209GM;10
41209GXL;16
41209GL;14
12373G;14
23098G;0
32411;14
61226;0
12374G;20
23099G;28
12418;16
12424;33
12432RG;42
12436;31
12436G;49
23146;5
23149G;32
23163G WHI;66
23163G GRE;76
32417;33
32417G;45
61269;0
61274;24
61278;14
11082R;0
11082G;0
61060 001;20
22294R 001;6
22294G 001;27
11540R;0
11618 DAR;0
11618 CRE;10
32167;3
32167G;21
11745R 001;2
11745R 205;10
11745G 001;0
11745G 205;4
11745RG 001;0
22733R;2
22733G;0
11922;2
11922RG;0
62091;2
12076;0
22860;0
12088R 107;0
12088G 001;0
12117R;0
32271R;3
32274;10
62100;0
12140;0
22906;0
62112;0
61176;17
32293;44
32293RG;59
22976 204;0
22976 205;20
22976 207;0
22997 204;19
22997 206;1
22976 208;0
22997 208;0
22997 205;0
11745R 206;9
11745R 227;10
11745G 227;5
11745G 206;4
23023R;0
23023G;0
12088R 001;0
63328RGS;11
63328RGM;19
63328RGL;21
62145RG TAN;16
62145 GRE;0
62145 WHI;15
62145 AQU;11
62145 VIO;1
63328GS;23
63328GM;21
63328GL;24
63328GXL;25
61242;34
63329S;19
63329M;11
63329L;13
63329XL;15
12390G;80
23152RG;27
23165G;63
62250;17
22105R;4
32033;17
22139;0
22146;0
22155G;0
22155R;0
22164 001;0
22164 206;0
22105G;4
11318;80
41074S 266;0
41074M 266;0
41074L 266;0
41074XL 266;0
41074XL 001;3
61111;0
11544;0
63214S;0
63214M;0
63214L;0
11712;0
41136S;0
41136M;20
41136L;22
41136XL;8
55015;16
22687;0
67020L;0
11811;0
11808;0
58044;0
11858;0
22731 BLU;4
11894 VIO;7
11895;0
11895;0
22749;0
22754;14
61141;23
22731G;13
12025;5
22832;4
12048;0
22852;0
12062;0
12066;57
12119R;0
12119RG;0
32273R;0
L1003PIN;24
L1003BLU;37
12146G;0
12146R;0
22907G;0
22907R;0
L1010DIV;48
L1010MER;106
L1010QUE;81
L1010LOL;260
22919 202;0
22919 223;0
61175;0
62113;0
32294;13
32294RG;0
22977G;0
22977R;1
22980;4
22993G;0
22993R;0
22982G;0
22982R;0
12237;15
12241;69
12265R;20
12265G;0
L2016;94
L2017;93
L2018;90
61221;0
61224;0
62157;25
61203;26
62165;3
61211;2
12282;2
12282G;3
12282RG;0
41195S;28
41195M;29
41195L;36
41195XL;42
23059;0
41200S;25
41200M;3
41200L;20
41200XL;24
41200GS;26
41200GM;4
41200GL;24
41200GXL;5
23097;8
23097G;9
32386G;0
32386;0
23138G;0
41208GS;11
41208GM;8
41208GL;12
41208GXL;11
12422;14
12423;19
12427G GRE;82
62241;19
62245;22
62253;39
11028;162
11076G;0
41042S 539;0
22203;0
61068 001;9
61068 BLU;8
22239;0
11329G 001;57
11329R 001;36
22330 001;0
57015;106
61109 001;7
61109 BLU;0
22672G;11
11793;2
22686 BLU;69
22672 266;0
11802 BLU;0
11802 GRE;0
22720;0
11924 001;18
11924 205;38
11924 215;0
11924 276;17
12136;45
62102;80
12180R;0
12180G;5
22925R;8
22925G;2
62114;0
22978;0
62126;22
12225;0
62127;19
62133;19
23028 001;0
23028 539;21
23028 227;155
23028 206;20
12266R;0
12266G;0
62133G;11
61218;0
61222;0
62206;2
62207;22
62208;22
62209;25
32373;32
32373G;0
41201S;9
41201M;8
41201L;8
41201XL;9
41201GS;7
41201GM;16
41201GL;7
41201GXL;8
41202S;8
41202M;18
41202L;9
41202XL;7
41202GS;8
41202GM;17
41202GL;8
41202GXL;8
41203S;8
41203M;15
41203L;9
41203XL;9
41203GS;10
41203GM;16
41203GL;9
41203GXL;27
12406G;56
12386G;76
12402G;37
12402RG;43
32402G;48
66002 001;107
66002 280;29
68502;115
11076R;11
41040S;0
22301 266;0
11340 266;0
32098 266;0
11483;0
32130 205;0
22396 001;0
22396 202;4
11631G;0
41121RS;0
11701R;0
11749RG;36
32206 AB;0
32206 223;23
32206 204;47
22702;0
32213;0
22301 539;3
61139R;0
61139G;0
62082R;0
62082G;0
11942;0
32237;50
11978;0
32240;0
32241;0
12112;0
22903 BLU;0
22903RG;0
12148R;0
12148G;0
41154M 001;0
41154L 001;0
41154M 202;0
41154L 202;0
41154XL 202;0
41154M 204;0
41154L 204;0
41154XL 204;0
41154M 205;0
41154L 205;0
41154XL 205;0
41154M 208;0
41154L 208;0
41154XL 208;0
41154M 207;0
41154L 207;0
41154XL 207;0
41154M 922;0
41154L 922;0
41154XL 922;0
41154XL 001;0
12203;68
22970;0
12230G;27
12230R;0
12235;0
32313 204;26
32313 205;0
32313 208;0
32313 207;0
32314 205;0
32314 208;0
32314 204;0
32314 142;25
63270S;12
63270M;25
63270L;2
63270XL;7
23022R;74
23022G;0
12271G;0
12271R;0
61212;1
62173;0
62173RG VIO;0
62183G VIO;0
62183;0
62183G GRE;0
62160;35
41190S;11
41190M;0
41190L;0
41190XL;1
41190GS;1
41190GM;3
41190GL;0
41190GXL;0
12320;25
12320RG;45
12320G;38
12339;19
12339G;24
61239;2
61258;4
61261;1
12391G;51
32400G;0
12420;2
12434;35
12434G;32
32416;43
32416G;45
61277;15
62238;0
11024;0
22071;7
22080;0
22082;0
22086;0
11123;3
11171R;0
11185;39
11216R;0
11216G;28
11362;0
62055;0
11024G;0
61112 001;0
61112 GRE;0
22082G;74
11593;34
22446;11
41126S;0
41126M;0
41126L;0
41126XL;0
61124 001;0
22612;0
22613;0
61126 BLU;0
62068 BLU;0
11743;103
22646;98
22651RG;1
61127;0
62071;18
67021L;0
22707;43
62077;1
61137R;0
39100;64
22715;0
32221;19
22740;0
22750R;7
22750G;41
54074 BLU;76
54074 ROS;70
22758R;0
22758G;20
22758RG;3
22764;4
22764RG;0
22767 BLU;0
22767 VIO;0
11985R;0
62087;0
62088 BLA;0
62088 GRE;0
22798;2
32242;33
11998;23
22807;106
12000 BLU;0
12000RG;0
12000 TOP;0
12037;0
12049;10
32251;12
12077;2
22851R 001;0
22851R 205;3
22851R 208;0
22870;6
32257;36
12095R;29
12095G;1
32270R;23
32270RG;50
12108;50
12110;0
22888;0
12116;15
22898;0
12128;0
22900;0
32276;0
63523;0
64008;10
L1011DIV;0
L3013RGLOL;0
L3014QUE;91
L3014MER;70
L3014DIV;83
L3015RGLOL;251
22851RG 001;0
22851R 202;0
61174;0
41153SM;0
41153LXL;0
12196RG;0
12208;0
12210;11
12231;5
12196;0
61190;0
62136;7
62138;23
23024 001;0
23024 211;1
23024 319;44
23025;0
23027 001;0
23027 202;66
23027 319;144
23027 214;113
12268;0
23024 214;34
22767G 001;0
12000RG ROS;0
12295G;61
12295RG;35
12295;9
62136 BLU;0
62136 DBLU;5
62136 GRE;0
61223;0
63322S;6
63322M;4
63322L;1
63322XL;5
63324S;5
63324M;2
63324L;5
63324XL;5
63532G;0
61236;0
63534;1
62147 AQU;19
62147 VIO;24
62147 GRE;15
62147 WHI;18
62150;8
62151;14
63277S;0
63277M;4
63277L;7
63277XL;4
61202;0
41185S;13
41185M;12
41185L;3
41185XL;10
41187S;6
41187M;0
41187L;0
41187XL;13
41191S;18
41191M;30
41191L;15
41191XL;25
41191GS;13
41191GM;29
41191GL;14
41191GXL;16
41191RGS;15
41191RGM;36
41193S;0
41193M;14
41193L;4
41193XL;13
12310G;0
12316G;0
32374;0
32374G;7
41207S;7
41207M;9
41207L;0
41207XL;11
41207GS;0
41207GM;0
41207GL;0
41207GXL;0
41207RGS;0
41207RGM;0
41207RGL;0
41207RGXL;0
41191RGL;21
41191RGXL;23
62147RG TAN;18
61219;0
61219 WHI;0
63322S BLU;0
63322M BLU;0
63322L BLU;0
63322XL BLU;0
41216S BLU;0
41216M BLU;0
41216L BLU;19
41216XL BLU;29
41216S YEL;0
41216M YEL;0
41216L YEL;24
41216XL YEL;29
61257;2
62234;10
61263;2
23116G;87
23128G;0
23129G;0
12419;0
23154;26
23154G;31
23157;46
23157G;57
23159;46
23159G;57
61279;21
62244;19
22073R;0
22077;16
32014;60
32017;19
22132;0
41063XL 215;0
62045 BLA;5
32116;5
56007 651;7
11534;0
22442;40
22572G;5
22572R;274
41129M 204;0
55016;27
11805;0
62078;48
62079;0
11875;4
22776;47
22782;0
22806;45
61148 WHI;2
61148 ROS;1
61148 BLU;59
22817R;0
12023 001;0
12023 202;529
22821 001;0
22821 202;468
32246;30
12023 215;17
22821 215;3
61155;0
32116L;2
62096;0
22890;0
12115;2
32277G;0
12142G;0
12142;0
L3010DIV;0
L3010MER;0
L3010QUE;0
22936;0
32296;0
32296RG;25
22973;5
22979G;0
22979R;1
12220;56
22986;56
22990;0
41157L;28
41157M;16
41157S;12
41157XL;30
61187;3
62131;22
63267S;14
63267M;13
63267L;9
63267XL;19
23021G;0
23021R;0
61235;3
32387;16
32387G;31
12375;9
32391;0
12376;17
32392;12
32408;36
12375G;2
12375RG;37
12376G;26
32391G;17
32391RG;48
32392G;12
32392RG;45
32408G;23
22572R AB;0
22572R SAP;0
22572R AME;1
22572R AQU;5
22572R SCA;0
22572R AQU AB;0
22572R LAMB;10
22572R MON;11
22572R LROS;2
22572R EME;0
22572R LTOP;5
22572R PER;8
41212GSM;0
41212GLXL;0
41212G;63
12376RG;64
23148G GRE;68
22126;47
11110;0
22156G;0
22156R;3
11126 229;59
22142;0
11182;0
32057;29
22235 202;1
22235G;8
22235 204;0
55011;11
41115RS;0
41115RM;0
41115RL;0
41115RXL;0
11640R;152
11685R;4
22604R;9
32178R;0
11703R;36
11740 AB;14
11740 202;16
11740 204;0
11740 205;4
11740 206;0
11740 227;45
11740 920;64
11740 207;0
55014;46
22647R 001;0
22647R 205;0
22647G 001;4
22647G 205;0
22647RG 001;0
22647RG 205;0
11772;0
11772RG;0
11800 BLU;0
11800 GRE;0
11800 YEL;0
11800 RED;0
32208 BLU;0
32208 GRE;0
22697;2
11861;0
22743;0
11934 AB;0
11934 202;0
11934 204;0
11934 206;0
11934 205;0
11934 207;0
11934 227;0
11934 502;0
11934 920;0
11940;0
11934RG;0
22827;0
32250G;0
32250R;30
22847;13
61161;0
62098;0
12151;0
12151RG;0
12154;0
12154G;0
32286;0
32286G;1
32287;18
64007;13
64010;10
64016;18
64017;18
64025;16
64026;13
32290;15
32290G;0
12186;45
12186G;10
63251SM;0
63251LXL;4
11740 280;0
22647R 206;4
22647R 227;8
22647G 227;9
22647G 206;4
61186 WHI;0
61186 BLU;0
61186 ROS;0
61186 MIN;0
61193;16
23020 207;3
32328 207;11
41166S 207;48
41166M 207;17
41166L 207;23
41166XL 207;47
23020 AB;7
32328 AB;5
41166S AB;38
41166M AB;36
41166L AB;38
41166XL AB;21
23020 208;2
32328 208;13
41166S 208;62
41166M 208;50
41166L 208;32
41166XL 208;39
12263 207;7
12264 207;25
12263 AB;9
12264 AB;0
12263 208;12
12264 208;7
61215;0
61216;0
61217G;0
63313S;2
63313M;0
63313L;0
63313XL;1
63315S;7
63315M;0
63315L;4
63315XL;6
41198S;13
41198M;0
41198L;19
41198XL;38
41198GS;16
41198GM;0
41198GL;12
41198GXL;36
41198RGS;32
41198RGM;10
12291;100
12291G;96
12291RG;79
41198RGXL;48
41198RGL;39
63537;0
32388;12
62204;14
32388G;15
41217S;0
41217M;0
41217XL;27
41211S;0
41211M;0
41211L;15
41211XL;24
23150G;16
23156;25
23156G;40
11062;2
22112R;0
32026;2
62042 001;0
62042 BLU;0
22285;33
74024 215;105
22295R;0
22295G;0
11330R;0
11330G;0
22112G;17
22319;0
67016 YEL;53
67016 BLA;22
67018 YEL;53
67018 PIN;39
11495;5
67018 BLA;0
22399R;25
22406R;0
22406G;0
22422;0
11619 CRE;14
11619 DAR;13
32162 CRE;29
32162 DAR;40
61119;0
61125 PUR;0
61125 BLU;142
55013;9
55017;43
22295R 214;14
11748R 360;0
61125RG 001;0
32207 202;86
61132 GRE;0
32212;27
61136;20
11830;0
11831;0
11832;2
11833;0
11834;0
11835;0
11836;6
11837;13
11838;0
11839;12
11840;11
11841;0
11842;0
11843;0
11844;0
11845;0
11846;19
11847;3
11848;7
11849;10
11850;3
11851;14
11852;16
11853;0
11854;141
11855;1
22744 VIO;0
22770;3
11948;686
22775;637
22781R;0
22781G;0
32233G;37
32234G;1
32235G;0
22789;0
11983R;27
11986R 001;0
11986R 202;0
11986RG 319;0
32235;3
32234;11
32233;2
11958;0
11957;77
11956;74
11993 BLU;0
11993RG;7
11993 GRE;0
12007 202;0
22815 202;2
22830;0
62093;0
32249;109
12051;19
22861;0
12007 212;14
22815 212;3
12094;1
22873;0
22874;0
22875;0
22876;0
22877;0
22878;0
22879;0
22880;0
22881;0
22882;0
22883;0
22884;0
32258;0
32259;0
32260;0
32261;0
32262;0
32263;0
32264;0
32265;0
32266;0
32267;0
32268;0
32269;0
32282R;0
32282G;0
61164 WHI;3
61164 FUX;27
64002;16
64006;6
64009;15
64011;26
64022;29
L1012STLOL;117
11330R 214;0
12194RG;64
12194;0
32307;65
12240G;0
12240;18
32317 GRE;100
32317 ROS;84
32317 BLU;79
32318 GRE;21
32318 ROS;9
32318 BLU;0
32330G;0
32330;0
12274G;33
12274;60
32354G;0
32354;11
32354RG;26
62168;0
63300S;4
63300M;1
63300L;0
63300XL;3
63316S;3
63316M;2
63316L;0
63316XL;4
63317S;2
63317M;0
63317L;0
63317XL;3
63319S;3
63319M;1
63319L;0
63319XL;4
62178;0
62179;0
63323S;5
63323M;7
63323L;4
63323XL;7
62162;26
41189S;8
41189M;8
41189L;1
41189XL;16
23058;0
12285;2
23089;0
23089G;0
23089RG;0
32389;16
32389G;29
12341;14
12341G;13
12342;8
41206RS;22
41206RM;12
41206RL;4
41206RXL;4
41206GS;4
41206GM;3
41206GL;4
41206GXL;7
23094;10
23094G;14
12342G;8
63323S MUL;0
63323M MUL;0
63323L MUL;0
63323XL MUL;0
12395 VIO;23
12395 BLA;32
12395 RED;21
12395 GRE;23
12395 WHI;28
12377;8
32393;6
32401RG;85
12377G;34
12377RG;43
12403RG;109
32393G;5
32393RG;43
41210RGL;1
41210RGM;4
41210RGS;0
41210RGXL;4
41210GS;5
41210GM;6
41210GL;7
41210GXL;4
62249;7
11197 211;0
41051S;13
41051M;1
41051L;20
41051XL;16
11321;1
41077S 214;0
41091L 292;0
41091XL 292;0
22394;11
63210L;26
63210M;14
63210S;49
63210XL;26
63211L;16
63211M;12
63211S;17
63211XL;23
11615R;0
11615RG;0
32158R;0
32158RG;9
11704R;0
11704G;0
22628R;0
11771;20
61129R;0
11794;0
22700;0
55022;12
61138 BLU;25
61138 WHI;0
61138 TOP;0
32228R;24
32228G;36
61138 ROS;164
11947;0
22774;0
11972;1
11972G;0
11972RG;0
11615G;0
32158G;0
22838;0
22846;18
12071;0
12087R 132;0
12087R 107;0
12087R 124;0
22865R 142;0
22865R 132;0
22865R 124;0
32253R 143;0
32253R 142;1
32253R 107;0
32253R 124;0
32253G 001;12
22887;0
22889;0
22895R;0
12141;2
32283R;0
32283G;0
12153;0
12153G;0
12153RG;15
22913;0
22913G;1
22913RG;13
64003;16
22918 207;0
22918 920;0
22918 205;0
32288 207;23
32288 920;0
32288 205;5
22937R;21
22937G;53
22938;0
61180;0
22961;0
22971;0
22984;60
41159RS;13
41159RM;0
41159RL;0
41159RXL;6
41159GS;17
41159GM;17
41159GL;13
41159GXL;9
63524;21
32288 001;0
63530;0
62169;0
61208;28
61208;28
61208;28
12396 GRE;43
12396 RED;48
62232;6
21002;265
61016 001;8
22116R;12
22186;37
22254;49
41064S 001;0
41064M 001;0
41064L 001;0
41064XL 001;0
41065GS;8
41065GM;5
41065GL;2
41065GXL;10
41064S 208;0
41064L 208;0
41064XL 208;0
32088;3
32089;0
11388;0
32117R;83
32117G;16
41064S 202;0
55999;91
11025G;24
22379G;0
22379 539;21
41065RGS;17
41065RGM;0
41065RGL;33
41065RGXL;30
11025RG;0
41113S;0
41113M;0
41113L;0
41113XL;0
32160R;21
32160RG;41
62065 WHI;0
S24010 001;41
S24010 MBLU;60
S24011 283;0
S24011 262;0
S24011 262;0
S24012 502;40
S24012 202;20
22582;6
41124S;0
41124M;0
41124L;0
41124XL;0
41125S;0
41125M;0
41125L;0
41125XL;0
32184;30
22630;28
22668G;0
39101;36
39103;21
39103RG;0
39104;0
39104G;0
22722;0
55023;34
62081 WHI;0
62081 BLU;76
63232RS;0
63232RM;1
63232RL;0
63232RXL;0
63232GS;0
63232GM;0
63232GL;0
63232GXL;0
62081 TOP;0
62081 PUR;0
61142 MIN;97
61142 RED;0
61142 WHI;0
62081 ROS;0
22771;3
61144;0
62090;14
61150;14
12004R;0
22813R;0
S24011 223;69
12020R;0
12020RG;0
22831R;0
32248 205;3
32248 207;1
32248 208;59
12069;4
12069G;0
12069RG;2
32275;0
32275G;0
32278;0
62103 WHI;0
62103 FUX;0
63245S WHI;0
63245M WHI;0
63245L WHI;0
63245XL WHI;0
63245S FUX;1
63245M FUX;0
63245L FUX;0
63245XL FUX;0
63246S;25
63246M;30
63246L;23
63246XL;14
32285;0
32285RG;0
12155;0
12155RG;0
32287G;0
64001;21
64004;1
64005;30
64012;14
64013;9
64014;13
64015;5
64018;10
64019;17
64020;3
64021;6
64023;14
64024;15
12160;9
L2012STLOL;139
L3011STLOL;65
12172;0
12181R;0
12181G;0
22933;4
61179;0
32297;7
12193RG;0
12193;0
12197;3
12197G;0
12198;0
22968;21
22968G;0
32300;0
32300G;0
12229G;0
12229R;3
22991G;0
22991R;0
22994;8
12232;0
12233;10
23001 107;86
23001 142;41
23001 147;42
23001 204;22
23001 205;7
23001 219;50
23001 234;25
23001 276;54
12256;257
12256G;0
L1014;2
L3016;0
32322;0
61188R;26
62132R;0
63525R;0
63268RS;22
63268RM;18
63268RL;7
63268RXL;24
61188G;42
62132G;15
63525G;9
63268GS;53
63268GM;15
63268GL;18
63268GXL;8
62137;19
62144 BLU;32
23030R;3
23030G;52
23033;2
63299S;0
63299M;0
63299L;0
63299XL;2
62166;0
63301S;1
63301M;0
63301L;1
63301XL;4
63302S;2
63302M;1
63302L;0
63302XL;4
63303S;0
63303M;0
63303L;0
63303XL;1
63305GS;0
63305GM;0
63305GL;0
63305GXL;0
63306GS;3
63306GM;0
63306GL;0
63306GXL;2
63314S BLA;3
63314M BLA;1
63314L BLA;0
63314XL BLA;2
63314S;2
63314M;2
63314L;0
63314XL;4
63318S;3
63318M;2
63318L;0
63318XL;4
62175;0
62176;0
62182;0
63535;0
62152;35
61201;37
62161;40
63290S;24
63290M;21
63290L;19
63290XL;35
63529;10
63296S;15
63296M;5
63296L;0
63296XL;19
62164;0
63298S;28
63298M;23
63298L;24
63298XL;17
41181S;0
41181M;1
41181L;0
41181XL;12
41182S;0
41182M;0
41182L;0
41182XL;7
41188S;11
41188M;15
41188L;8
41188XL;31
23049;3
23050;1
23051;0
23053;0
12309G;519
12312G;0
12313G;0
12315G;0
12324;0
32363;0
32363G;1
12308;0
12308G;1
41199S;12
41199M;8
41199L;6
41199XL;15
23084;0
23083;0
32378;0
32384;30
62176 BLA;0
63538;3
63306GL BLU;0
23053G;0
12378G;62
12378RG;61
32406G;0
41218GL;53
41218GM;54
41218GS;48
41218GXL;55
41218GS BLA;50
41218GM BLA;52
41218GL BLA;55
41218GXL BLA;52
41213G;56
41213GSM;0
41213GLXL;0
12430G;37
41219GS;0
41219GM;49
41219GL;47
41222GS WHI;50
41222GM WHI;35
41222GS GRE;53
41222GM GRE;42
62251;19
63341S;9
63341M;7
63341L;8
63341XL;8
41219GXL;49
11025R;0
22066R;0
66500 001;88
11134;0
32043;4
68008S;59
68008M;18
68008XXL;19
32115 292;0
32115 542;0
22341;4
22000;2
22066G;0
22363R;0
22363RG;0
22400 001;0
22400 202;5
22400 922;2
62060 001;1
62060 GRE;3
41106S;0
22066RG;0
11613R;62
11613RG;0
41117SM;0
41117LXL;0
S24006 AB;0
S24006 202;375
S24006 209;1
S24006 209;1
41137RGS;0
41137RGM;0
41137RGL;0
41137RGXL;0
55018;35
11885;86
32239;47
32239G;0
32239RG;0
22786;0
22786G;0
22786RG;0
61143;1
62084;0
11981R;10
11984R 001;0
11984R 266;213
11984R 204;87
12017R;0
41147RM;2
41147RL;0
41147RXL;0
41147GL;0
12065;0
22857 209;1
22857 140;0
22866R 143;0
22866R 142;0
22866R 107;0
22866G 001;0
61162;0
62099;0
22917;0
12205;3
32301;0
32302;8
12236;0
12236G;0
61192;24
32331 ORA;62
32331 YEL;71
32331 GRE;66
32331 TUR;67
12273;51
32331 YEL L;53
32331 TUR L;62
32331 ORA L;52
32331 GRE L;40
63326S;2
63326M;2
63326L;3
63326XL;1
63327GS;2
63327GM;0
63327GL;0
63327GXL;3
61210;18
32332;2
32332G;0
32332RG;0
12277;0
12277RG;7
12277G;0
41179S;1
41179M;0
41179L;0
41179XL;6
12287;0
12287G;0
12287RG;0
12319;0
12319G;0
12319RG;18
32382;34
32353;0
32353G;0
32353RG;160
23092;8
23093;14
23093G;9
61240;5
23092G;14
63292S;25
63292M;32
63292L;32
63292XL;28
63310S BLU;4
63310M BLU;2
63310L BLU;4
63310XL BLU;4
63310RGS ORA;4
63310RGM ORA;4
63310RGL ORA;4
63310RGXL ORA;5
63310GS YEL;5
63310GM YEL;4
63310GL YEL;5
63310GXL YEL;5
62230;7
62235;0
32410G;29
32410RG;39
32394G;19
12399G;0
62246;25
S24009 001;66
21001;57
21005;0
22069G;0
21009;277
31003;0
11010;1
32004 211;10
11056R;0
11056G;23
22096R;0
22096G;55
22069 211;60
22069 001;45
32049;36
21017 001;36
21020 621;58
21020 617;36
68009S;8
68009XK;5
68013M 001;4
68013M 215;23
68013XL 215;29
68013M 211;5
68013XL 211;8
68013S 502;10
68013M 502;4
68013L 502;6
68013XL 502;3
11353;0
32105;0
11017 YEL;19
11017 PIN;15
11017 ORA;22
11017 LBLU;10
21025 CRE;45
21025 GRE;28
21025 ORA;23
21025 YEL;24
61116;0
32164R;55
61118;1
S24016 621;49
S24016 621;49
S24016 617;84
S24019 GOS;59
S24019 AB;46
62067 001;1
63218S BLU;25
63218M BLU;2
63218L BLU;32
63218XL BLU;22
63219XL CHA;0
63220M GRE;2
63220L GRE;0
63220XL GRE;0
63221S PUR;0
63221M PUR;0
63221L PUR;0
63221XL PUR;0
63222S;0
63222M;5
63222L;34
63222XL;10
32194 207;0
63222GL;17
63222GM;18
63222GS;8
63222GXL;14
63222RGL;0
63222RGM;0
63222RGS;1
63222RGXL;0
67022L;0
22699;0
62080R;0
22793G 246;0
22793R;12
22796R 001;0
22796R 202;0
22796RG 319;16
62089 WHI;10
62089 ROS;24
62089 BLU;0
63238RS;9
63238RM;3
63238RL;19
63238RXL;3
32245;0
22829;0
63238GS;14
63238GM;16
63238GL;26
63238GXL;10
12034;26
32252R MUL;0
32252R 001;10
32252G 001;0
22871;102
22892;5
22896R;0
22896RG;0
12137;0
L2002PIN;3
L2002BLU;0
32281G;0
32281R;6
63247S;10
63247M;16
63247L;2
63247XL;12
12171;0
12171RG;0
12182R;0
12182G;0
63249S;4
63249M;4
63249L;8
63249XL;26
63250S;5
63250M;0
63250L;0
63250XL;5
32298;13
63247XS;43
63222XS;18
12201;0
12201G;0
12219;0
22981G;0
22981R;0
41160S 204;14
41160M 204;14
41160L 204;28
41160XL 204;21
22998;0
41160S 205;0
41160M 205;0
41160L 205;0
41160XL 205;0
41160S 208;13
41160M 208;19
41160L 208;9
41160XL 208;27
41160XL 206;0
41160L 206;0
41160M 206;0
41160S 206;0
32319;274
32319G;38
L2015;67
62130 WHI;103
62130 BLU;114
62130 ROS;74
62130 MIN;37
63262S;14
63262M;29
63262L;22
63262XL;25
63263S;78
63263M;91
63263L;97
63263XL;63
63264S;10
63264M;11
63264L;37
63264XL;27
63265S;21
63265M;15
63265L;37
63265XL;19
62135;14
63528;0
61191;10
V63528;11
61191 GRE;14
61191 BLU;34
61191 DBLU;15
63528 BLU;32
63528 DBLU;17
63528 GRE;14
V63528 BLU;66
V63528 DBLU;15
V63528 GRE;31
62167;0
63531;0
63320S;1
63320M;0
63320L;2
63320XL;3
63325S;2
63325M;3
63325L;1
63325XL;6
63273S AQU;8
63273M AQU;7
63273L AQU;5
63273XL AQU;7
63273S VIO;11
63273M VIO;7
63273L VIO;16
63273XL VIO;13
63273S GRE;9
63273M GRE;12
63273L GRE;24
63273XL GRE;12
63273S WHI;12
63273M WHI;28
63273L WHI;27
63273XL WHI;13
63278S;15
63278M;13
63278L;14
63278XL;19
63279S;18
63279M;17
63279L;18
63279XL;20
63284S;9
63284M;13
63284L;7
63284XL;3
32335;0
32335G;0
23052 RED;0
23052 GRE;0
23052 YEL;0
23063;3
23082;45
23082G;0
32362;14
32362G;5
32335RG;3
23082RG;17
63273RGS TAN;15
63273RGM TAN;20
63273RGL TAN;18
63273RGXL TAN;15
62212;12
23052R VIO;7
32396;8
23052G RED;8
23052G GRE;8
23052G VIO;35
61255;15
23052G YEL;5
31003 GOL;57
31003 GRY;62
31003 LTUR;62
31003 TUR;81
32413G WHI;72
32413G GRE;64
41221G WHI;68
41221G GRE;78
61275;21
61280;13
12441;0
21007;0
22070 001;0
32001;0
22070 202;142
22076R;0
22091;11
68000M;95
68000L;109
68000XL;31
68000XXL;8
68001M;38
68001L;14
68001XL;14
68001XXL;27
68000S;40
68001S;178
11058;6
41010S;0
41010L;0
41010M;0
41010XL;0
21018 001;271
32058 207;0
32058 208;0
32058 215;0
68010S;25
68010M;50
68010L;6
68010XXL;16
22343;0
11471R;0
61092;34
63029S;53
63029M;10
63029L;20
63029XL;61
22091G;3
22070G 001;0
22412R;0
22412G;0
32058RG 212;8
21018 202;0
K0003R;295
K0003G;444
S24007 001;213
S24007 292;512
S24007 214;337
62066 001;0
62066 BLU;190
62066RG 001;0
62072;0
41142S;0
41142M;0
41142L;0
41142XL;0
11869;53
11939 SIL;0
11939 BLU;0
11982R 502;47
11982R 227;1
11982R AB;84
11982RG 261;77
22794R 001;0
22794R 204;51
22794R 266;169
22811G;0
12029;0
61156;0
63241SM;48
63241LXL;17
22894R;0
22894G;0
61165;22
62108;8
63248S;8
63248M;0
63248L;11
63248XL;46
22932;0
61181;0
61182;0
41156S;5
41156M;12
41156L;50
41156XL;30
32299;0
12224 BLU;0
12224 VIO;0
22983G;0
22983R;0
32304 BLU;13
32304 VIO;0
41161SM;14
41161LXL;18
41162SM;7
41162LXL;6
41163SM;39
41163LXL;47
32299G;0
62139;15
63307S;6
63307M;1
63307L;5
63307XL;5
63308GS;7
63308GM;4
63308GL;5
63308GXL;8
63280S;29
63280M;29
63280L;27
63280XL;12
41177S;3
41177M;0
41177L;0
41177XL;1
41178S;12
41178M;0
41178L;5
41178XL;24
41186S;12
41186M;21
41186L;8
41186XL;16
41196S;12
41196M;4
41196L;10
41196XL;17
41197RGS;16
41197RGM;13
23048;0
23054;0
12307 GRE;126
12307G GRE;29
12307 RED;61
12307G RED;26
32380;12
32383;49
41197RGL;11
41197RGXL;16
62211;14
62229;7
63332S;0
63332M;1
63332L;3
63332XL;3
32407G;50
41214G;50
41214GSM;0
41214GLXL;0
12431G;35
12431RG;36
61271G;30
62252;14
63544;19
61271G WHI;0
S24008 001;71
S24008 212;79
S24008 227;102
21000;0
21004;140
21008;151
21013;372
41003S;0
41003M;0
41003L;0
41003XL;0
11030R;0
32003;0
32005;36
41007S;0
41007M;0
41007L;0
41007XL;0
32013;0
21015 001;137
21016 650;193
21015 214;0
21015 202;199
21015 227;0
21015 223;0
32030R;4
32006;0
32044R;0
32044G;11
68012XXL 001;13
68012XXL 280;54
21014 214;286
21014 202;177
21014 379;65
21014 266;187
21014 922;146
22364G;0
22364R;1
41001S;17
41001M;16
41001L;8
41001XL;14
41101S 202;0
41101XL 202;0
41103L 001;1
22364RG;7
63215S;0
63215M;0
63215L;8
63215XL;27
41119SM;0
41119LXL;0
41120SM;0
41120LXL;0
K0002R;44811
K0002G;56
21008 227;110
S24003 001;163
S24003 266;48
S24003 390;97
S24003 922;68
S24004 001;139
S24004 202;75
S24004 223;200
S24005 001;75
S24005 202;22
S24014 769;73
S24014 769;73
S24014 650;0
S24015 769;83
S24015 769;83
S24015 620;33
S24018 001;72
S24018 371;153
22623 227;57
22623 920;0
22623 AB;0
22623 204;8
22623 202;0
22623 205;0
22623 207;29
22623 206;56
22701;0
11860;0
62083 WHI;44
62083 MIN;43
62083 RED;0
62085;4
22792R 502;0
22792R 227;0
22792R AB;1
22792RG 261;0
22893;1
62108G;0
22920;0
22920RG;0
22623 280;53
62117;0
62120;17
63256S;54
63256M;11
63256L;22
63256XL;26
63215XS;10
63260L;31
63260M;20
63260S;23
63260XL;11
32321;0
32321G;0
12257G;0
12257;7
12262 BLU;68
12262 GRE;40
12262 VIO;38
32323 BLU;5
32323 GRE;49
32323 VIO;55
61189;16
62134;0
63269S;33
63269M;8
63269L;16
63269XL;5
12279G;0
63304S;0
63304M;1
63304L;2
63304XL;6
63271RGS TAN;19
63271S GRE;16
63271M GRE;10
63271L GRE;10
63271XL GRE;6
63271S WHI;28
63271M WHI;33
63271L WHI;30
63271XL WHI;24
63271S AQU;22
63271M AQU;16
63271L AQU;19
63271XL AQU;20
63271S VIO;19
63271M VIO;13
63271L VIO;10
63271XL VIO;19
32334;40
32334G;34
12279;32
41170S;0
41170M;0
41170L;0
41170XL;0
32340;0
32342;4
32342G;0
12298;0
12298G;0
32343;0
32343G;0
12299;0
12299G;0
12300;44
12300G;0
32345;16
32345G;0
12301;0
12301G;14
12303;0
12303G;0
32348 GRE;110
32348G GRE;8
32348 RED;43
32348G RED;61
32351G;0
32351;30
32352;0
12331G;6
32375G;0
12331;0
32375;0
63271RGM TAN;5
63271RGL TAN;0
63271RGXL TAN;28
61256;14
63331S;0
63331M;0
63331L;2
32399G;115
63539;9
32397G;29
32398G;116
12433;24
12433G;27
12440;10
23153;15
23153G;21
32415;43
32415G;46
62243G WHI;19
62243;28
62243G;0
62243 WHI;0
S24002 001;138
S24002 202;377
S24002 204;33
S24002 238;213
32008;3
32034 001;0
32034G;0
11133;0
22145R;48
22145G;35
11273;42
41006GS;0
41006GM;0
41006GL;0
41006GXL;0
32034RG;0
32008G;7
62062;0
63216S;0
63216M;0
63216L;0
63216XL;0
S24013 620;83
S24013 294;51
S24013 294;51
S24017 202;7
S24017 283;114
41134S;0
41134M;7
41134L;12
41134XL;50
32186G;11
32186R;0
63223M PIN;0
63224S BLU;0
63224M BLU;0
63224L BLU;0
63519;23
31013 001;0
31014 001;0
31015 001;0
31013 205;0
31013 207;0
31013 539;0
31013 243;0
31013 238;0
31014 GOS;0
31013 AB;0
31013 217;0
31013 227;0
61130R;0
11788;79
32203;0
63228S;0
63228M;0
63228L;0
63228XL;0
63229S;0
63229M;0
63229L;0
63229XL;0
63229XXL;2
32222;0
32222G;0
32222RG;0
11910R;1
11910G;0
11910RG;4
32226;55
32226RG;13
41144GS;0
41144GM;0
32230 SIL;0
32230 BLU;0
32232;0
32232RG;0
32238;0
32238RG;0
11971;0
11971RG;0
63235S;0
63235M;0
63235L;0
63235XL;0
61146 BLA;0
61146 GRE;0
22791R;21
32034 202;0
32034 204;21
32034 214;7
62094;0
12127G;0
32280;0
32280G;0
32280RG;0
L2001PIN;0
L2001BLU;8
12161;22
41151S;51
41151M;6
41151L;12
41151XL;30
32292;1
32034 280;12
32034 223;7
62116;0
62119;26
63253S;2
63253M;5
63253L;16
63253XL;17
63255S;0
63255M;0
63255L;0
63255XL;0
63258L;3
63258M;2
63258S;11
63258XL;0
12223;49
22989;9
32306 BLU;67
32306 VIO;66
32306G;0
41158L;0
41158M;0
41158S;0
41158XL;0
12239;5
12239G;0
12239RG;78
63261S;0
63261M;0
63261L;0
63261XL;0
V32034 001;0
V32034G;0
32324 001;0
32324G;0
32324RG;0
32327 001;0
32327 280;3
32327G;0
63311S;6
63311M;0
63311L;2
63311XL;7
63274S;12
63274M;8
63274L;4
63274XL;16
63275S;4
63275M;9
63275L;7
63275XL;6
63276S;6
63276M;11
63276L;12
63276XL;8
63281S;4
63281M;9
63281L;8
63281XL;4
63285S;18
63285M;22
63285L;21
63285XL;18
63286S;29
63286M;34
63286L;34
63286XL;29
63287S;0
63287M;3
63287L;1
63287XL;1
63288S;10
63288M;5
63288L;2
63288XL;15
63289S;21
63289M;23
63289L;19
63289XL;29
63293S;14
63293M;23
63293L;16
63293XL;1
63297M;26
63297L;24
63297XL;25
41171S;0
41171M;10
41171L;10
41171XL;13
41172S;0
41172M;0
41172L;0
41172XL;0
12297 RED;50
12297 VIO;3
12297 GRE;0
12297G RED;59
12297G VIO;0
12297G GRE;2
32344;21
32344G;11
32346;0
32346G;0
12302;0
12302G;0
12314G;36
12326;31
12326G;43
12326RG;0
32364;2
32364G;7
32349G;47
32349;39
12322;3
12322G;7
12322RG;33
12297G WHI;0
12297 WHI;11
63331XL;2
32403 YEL;65
32405 LMUL;101
32405 ORA;62
32403G BLA;65
32403G BLU;59
32403G DBLU;67
32403 LGRY;61
32404G BLA;53
32404G BLU;54
32404G VIO;63
32404G YEL;61
32405G DMUL;69
32405G RAI;53
41215G;60
32404;58
32405 MUL;37
41215GSM;0
41215GLXL;0
32404G BRO;79
61272 WHI;7
61272G WHI;12
61272RG PIN;23
62240G;24
62242 WHI;7
6244RG PIN;0
63542 WHI;10
63542G WHI;24
63542RG PIN;22
63339S;4
63339M;10
63339L;10
63339XL;5
63339GS;5
63339GM;10
63339GL;10
63339GXL;5
62242G WHI;18
62242RG PIN;22
63339S WHI;0
63339M WHI;0
63339L WHI;0
63339XL WHI;0
63339GS WHI;0
63339GM WHI;0
63339GL WHI;0
63339GXL WHI;0
41000S;11
41000M;0
41000XL;34
32037R;0
41036RS;6
41036RM;8
41036RL;27
41036RXL;31
41036GS;31
41036GM;25
41036GL;6
41036GXL;12
22258R 001;34
22258G 001;1
32091;0
41000L;0
57016;44
41004S;34
41004M;8
41004L;24
41004XL;28
32163R;0
32165R;28
S24001 AB;273
S24001 209;141
S24001 229;113
S24001 371;113
32173G;7
32173R;0
41133S;14
41133M;17
41133L;9
41133XL;16
63226S;0
63226M;0
63226L;0
63226XL;0
41139S 280;0
41139M 280;0
41139L 280;0
41139XL 280;0
32200;70
63231S;14
63231M;6
63231L;32
63231XL;7
32218;0
63233S;1
63233M;0
63233L;1
63233XL;0
63521;10
63522R;3
32244R;0
32244G;0
63522 BLU;0
63522G;0
32247;0
32254 MUL;7
12091 AB;1
12091 246;1
63244S;0
63244M;0
63244L;0
63244XL;0
32284;0
32284G;1
32284RG;34
61173;0
62115;0
62118;0
63252S;6
63252M;22
63252L;19
63252XL;59
63254S;29
63254M;31
63254L;31
63254XL;27
63233XS;0
12199;0
12199G;34
12226G;1
12226R;0
22988 BLU;0
22988 VIO;0
22988G;0
32308G;0
32308R;17
32305;0
22988G 001;0
63309GS;6
63309GM;3
63309GL;4
63309GXL;5
63312GS;5
63312GM;0
63312GL;5
63312GXL;6
63272S;32
63272M;22
63272L;20
63272XL;23
61209;19
12281;24
12281G;0
41167S;1
41167M;0
41167L;1
41167XL;9
41168S;8
41168M;16
41168L;0
41168XL;14
41169S;0
41169M;0
41169L;0
41169XL;5
41173S;3
41173M;12
41173L;0
41173XL;16
41175S;0
41175M;0
41175L;0
41175XL;2
32341G;0
12305;0
12305G;0
23075;167
23075G;157
23075RG;165
32341 VIO;0
32341 GRE;0
32341 RED;0
32341G VIO;0
32341G GRE;0
32341G RED;61
32341 WHI;0
63309RS;6
63309RM;5
63309RL;3
63309RXL;7
32390G;0
63522RG;0
23151G;29
23151RG;21
41220G;89
61270 WHI;0
61270G PIN;24
62239 WHI;0
62239G PIN;27
31000 001;0
31000 206;0
31000 223;57
31000 211;3
31000 502;0
31000 204;90
31000 208;0
31000 202;0
31000 280;117
32050;0
31000 214;96
74025 BLU;41
74025 BLA;16
74025 BEI;45
74026 BEI;10
74026 BLA;0
32109R;0
32109G;0
32109RG;11
41081RUS;0
41081RUXL;0
31000 379;0
31000 215;36
31001 001;98
31000 266;0
31001 246;0
56900S;50
56900M;61
56900L;67
56900XL;39
39002FU;0
39002GR;0
K0001G;152
63520;0
63227RS;0
63227RM;0
63227RL;0
63227RXL;0
63227RGXL;0
63520G;11
63520RG;20
32209;0
32225;0
63236S BLA;0
63236S GRE;0
63236M BLA;0
63236M GRE;0
63236L BLA;0
63236L GRE;0
63236XL BLA;0
63236XL GRE;0
63239RS;56
63239RM;46
63239RL;52
63239RL;52
63239RXL;36
63240S;0
63240M;0
63240L;0
63240XL;0
61153R;0
61153 BLU;0
63239GS;37
63239GM;37
63239GL;29
63239GXL;20
63520L;0
63520RGL;26
63520GL;24
41148S;0
41148M;0
41148L;0
41148XL;0
41149S;0
41149M;0
41149L;0
41149XL;0
63238XS;38
61185;0
63259L;1
63259M;9
63259S;1
63259XL;0
12221 BLU;0
12221 VIO;39
12221G;0
12222;0
22985R;0
22985G;0
63239RXS;42
32315R;32
32315G;0
32315RG;21
32316;0
32316RG;0
23014;0
23014RG;0
12254;0
12254RG;0
41164S;8
41164M;7
41164L;32
41164XL;65
41165S;38
41165M;23
41165L;63
41165XL;80
63266S;24
63266M;17
63266L;14
63266XL;8
61185G;50
61185RG;55
61185 BLA;54
63520 BLA;54
63520L BLA;66
V61185R;48
V61185RG;24
V61185G;21
V61185 BLA;18
22985R BLU;0
32356G;19
32356RG;21
32356;41
63321S;2
63321M;0
63321L;0
63321XL;4
63533G;0
63283S;16
63283M;22
63283L;22
63283XL;20
32336;0
32337;0
32338;9
12306G GRE;0
12306G WHI;0
12306;84
12306 GRE;81
12394G;60
63541;23
63543;30
63543G;30
63337S WHI;0
63337M WHI;0
63337L WHI;2
63337XL WHI;2
63337GS PIN;1
63337GM PIN;6
63337GL PIN;8
63337GXL PIN;4
63338S WHI;0
63338M WHI;3
63338L WHI;2
63338XL WHI;0
63338GS WHI;4
63338GM WHI;8
63338GL WHI;9
63338GXL WHI;5
63338RGS PIN;3
63338RGM PIN;9
63338RGL PIN;9
63338RGXL PIN;4
63340S;5
63340M;10
63340L;10
63340XL;5
63340GS;5
63340GM;10
63340GL;10
63340GXL;5
63543 WHI;0
63543G WHI;0
63340S WHI;0
63340M WHI;0
63340L WHI;0
63340XL WHI;0
63340GS WHI;0
63340GM WHI;0
63340GL WHI;0
63340GXL WHI;0
74022 001;0
74022 215;49
74022 206;22
74022 502;20
74022 246;28
K0004;0
63225S;0
63225M;0
63225L;0
63225XL;0
11774;0
63225GL BLU;0
63225GXL GRE;0
63225GL RED;0
63225RL BLU;0
63225RM BLU;0
63225RS BLU;0
63225RXL BLU;0
63225RL GRE;0
63225RM GRE;0
63225RS GRE;0
63225RL PUR;1
63225RXL PUR;0
63230S;0
63230M;1
63230L;0
63230XL;0
63234S;12
63234M;0
63234L;3
63234XL;8
62110;0
63225XS;0
63536;7
63282S;12
63282M;18
63282L;17
63282XL;14
32333;0
32333G;0
32333RG;28
12278;0
12278G;0
12278RG;3
41174S;0
41174M;0
41174L;0
41174XL;0
32347G GRE;0
32347G WHI;0
32347;77
32347 GRE;75
74005 204;50
74005 280;0
32224;7
32224RG;0
61152R;0
63527;0
R112229001;0
R112239001;0
R112247001;0
R4720002001;2160
R484106365;0
R500004101;0
R500008101;0
R520010101;0
R530106001;0
R530106230;26979
R530904101;0
R550010101;0
R900200020;146
R900200046;0
R900200055;8493
R900200056;2823
R900500001;6000
R900500002;7000
R900500003;5000
R900500004;4000
R900500005;3000
R900500006;6000
R900500007;17000
2101;2
2102;9
2107;9
2109;0
2111;9
2112;3
2117;30
11006;19
11007;63
P;0
2642;14
11022 208;0
T;0
2113;0
2120;4
R900200079;5938
R581008C650;0
11026;0
2649;175
2650;277
2651;47
2652;12
2653;245
2654;697
2655;76
2656;0
2659;237
2660;4090
2660;4090
2662;267
2667;1040
2669;43
2670;0
D;0
2678;145
R900200085;0
R900300022;43389
2679;60
2681;10
2682;0
2683;15
2123;1
R990000000;0
2685;0
2686;0
2689;0
9205;93
9206;45
0100 BLA;8
65001 BLA;18
65001 BLU;4
65002 DAR;21
65002 DAR;21
65002 BRI;23
65002 BRI;23
65003 BLA;16
R900200092;0
2634;24
2680;110
57108;31
57109;14
9976;72
65005 BLA;31
65005 BRO;34
65005 BLU;56
65004 BLA;17
65004 BLU;5
63904S;220
63904L;64
63008XL TOP;6
63009S GRE;0
63009XL GRE;0
63009S RED;28
63009XL RED;27
68000 3XL;25
57111;15
65007 BLA;24
65007 BLA;24
65008 BLA;114
65008 BRO;139
65009 BEI;24
65009 RED;127
65010 BEI;87
AP;0
65011 BLU;50
63010XL BLU;0
63010L BLU;0
63010XL RED;0
11067 208;0
57114;25
2677;7
2657;270
2658;0
2668;0
R484104214;0
R581806C650;0
R900200048;0
R484104001;0
R484104202;0
2635;67
2636;87
2637;299
41012S 221;0
22116G;38
R484104223;0
R484104227;0
65012 BRO;21
65014 BEI;0
65016 RED;35
65016 BRO;56
61020 BLA;10
61021 RED;6
R112229202;0
R112229206;0
2620;303
2621;119
2622;149
2623;23
2624;130
2625;47
2626;61
R900300039;24665
2638;111
2639;0
61024 BEI;9
61025 BLA;35
61025 TOP;16
61029 TOP;13
61030 TOP;58
62016 BLA;0
65017 BLA;19
65019 BEI;12
61031 TOP;16
68004L;12
68004XL;34
68005M;18
R900300040;14057
57008;55
57007;12
57009;0
57010;15
R500005101;0
3301 BRO;131
R102818001;0
R102824001;0
R102828001;0
74001 BLA;203
3301 BLA;63
11101G;92
61037 RED;22
74003 BLA;6
68006S;17
68006M;68
68006L;84
68006XXL;7
66008;5
68007XXL;9
66009;8
R;0
41018M 001;1
41018L 001;8
41018XL 001;22
41018M 246;1
41018L 246;0
41018XL 246;1
41019L 204;89
41019XL 204;102
41019M 214;49
41019L 214;88
41019XL 214;52
R581006C650;0
11115;64
74006 BRO;64
74008 BLA;0
R102832001;0
74008 BRO;34
R1028SS20001;0
11122R;0
57117;7
41018XXL 001;0
41019S 204;111
41019XXL 204;15
41019S 214;24
41019XXL 214;7
41019L 208;0
2632;191
57118;0
R102814001;0
R102806001;48960
R102810001;0
R102812001;0
75000 WHI;13
V101;0
V102;2500
R102821001;0
R900300042;0
65022 RED;14
65023 BLA;10
65025 BRI;110
65025 BLA;67
41026S;0
41026XL;0
R900300044;3945
SHOP;0
BONUS;10
63014XL BLA;0
R112212001;0
R102824202;0
74012 202;11
66010;0
71001 BLA;15
68507;17
63014XL 001;3
R249308280;0
2696;11
P1599;216
R486906001;0
2694;68
P0606 001;0
P0606 280;0
P0702 001;0
R900300047;1470
68508;0
68509 207;18
68510 001;24
57120;18
11152;0
57106;7
57120 215;23
57119;47
74014 223;53
41015S 208;0
11139 214;0
S9106;23
S9107;22
R102828214;0
R102824214;0
R102824209;0
62004 TOP;0
63006 BLU;0
63007 BLU;173
63007 ROS;206
63002 TOP;0
R486908001;0
62033 BLA;0
61052 BLU;8
R52000001212;0
57121;14
TEST;0
2674;0
74018 BLU;0
KS001;210
KS002;2472
KS003;193
KS004;651
R900100101;174400
E001;0
E002;0
E003;0
E004;0
E005;0
E101;0
E102;0
E103;0
E104;0
E105;0
E201;0
E202;0
E203;0
E204;0
E205;0
66012 001;43
66012 280;14
E006;0
E007;0
E008;0
E009;0
E010;0
E011;0
E012;0
E013;0
E014;0
E015;0
E016;0
E017;0
E018;0
E019;0
E020;0
E021;0
E022;0
E023;0
E024;0
E025;0
E026;0
E027;0
E028;0
E029;0
F001;0
F002;0
F003;0
F004;0
F005;0
F006;0
F007;0
F008;0
F009;0
F010;0
F011;0
F012;0
F013;0
F014;0
F015;0
F016;0
F017;0
F018;0
F019;0
F020;0
F021;0
F022;0
F023;0
F024;0
F025;0
F026;0
F027;0
F028;0
F029;0
F101;0
F102;0
F103;0
F104;0
F105;0
F201;0
F202;0
F203;0
F204;0
F205;0
E106;0
E107;0
E108;0
E109;0
E110;0
E111;0
E112;0
E113;0
E114;0
E115;0
E116;0
E117;0
E118;0
E119;0
E120;0
E206;0
E207;0
E208;0
E209;0
E210;0
E211;0
E212;0
E213;0
E214;0
E215;0
E216;0
E217;0
E218;0
E219;0
E220;0
E221;0
E222;0
E223;0
E224;0
F106;0
F107;0
F108;0
F109;0
F110;0
F111;0
F112;0
F113;0
F114;0
F115;0
F116;0
F117;0
F118;0
F119;0
F120;0
F206;0
F207;0
F208;0
F209;0
F210;0
F211;0
F212;0
F213;0
F214;0
F215;0
F216;0
F217;0
F218;0
F219;0
F220;0
F221;0
F222;0
F223;0
F224;0
76902S BRO;28
76902L BRO;9
F501;0
F502;0
F503;0
F504;0
F505;0
F506;0
F507;0
F508;0
E501;0
E502;0
E503;0
E504;0
E505;0
E506;0
E507;0
E508;0
75004 GRY;118
E121;0
E122;0
E123;0
E124;0
E125;0
J101;0
J102;0
J103;0
J104;0
J105;0
J212;0
J001;0
J002;0
J003;0
999;0
P7592 001;20
GUT;0
J004;0
J005;0
J006;0
J007;0
J008;0
J009;0
J601;0
J602;0
J603;0
J604;0
E999;0
E998;0
58008;34
2684;0
7400;117
D001;25
D002;6
R2028SS34BLEIST;0
R2028SS34BLE001;0
7701;57
9749G;0
E509;0
E510;0
E511;0
E512;0
E513;0
E514;0
E515;0
E516;0
E517;0
E518;0
E519;0
F509;0
F510;0
F512;0
F513;0
F514;0
F515;0
F516;0
F517;0
F518;0
F519;0
H501;0
H502;0
H503;0
H504;0
H505;0
H506;0
H507;0
H508;0
H509;0
H510;0
H511;0
H512;0
H513;0
H514;0
H515;0
H516;0
H517;0
H518;0
H330;0
D003;8827
P003;0
D100S;48
75008 PUR;26
75008 YEL;108
75011 SIL;213
75012 WHI;145
75012 RED;93
R432008207;0
R432008001;0
R483108001;0
74019 202;40
74019 246;57
74019 212;47
H012;0
R900200106;0
62038;1
74021 VIO;7
74019 001;52
R102832215;0
76904S BRO;23
76903L BRO;28
76905S BEI;0
76905L BEI;0
76905S BRO;15
76905L BRO;34
76906S BLA;40
76906L BLA;32
76907S BLA;18
76907L BLA;16
76908S WHI;3
76908L WHI;10
76908S VIO;39
76908L VIO;41
H011;0
H010;0
H013;0
H014;0
H015;0
H107;0
H108;0
H109;0
H110;0
H111;0
H112;0
H007;0
H224;0
H018;0
H209;0
R900200107;0
H105;0
H106;0
H104;0
H102;0
H005;0
H009;0
H008;0
11201;13
H214;0
F612;0
R581808CREAM;0
R581808DKGREY;0
2640;107
2641;148
2644;245
2645;275
2425GXXL;0
2610;0
2611;179
2692;36
2691;5
F607;0
H203;0
H206;0
H016;0
R102809001;0
R581808616;0
P7599 001;0
P7599 BLU;0
V105;462483
11218;169
2026XL;0
2039S;0
2018XL;0
2019S;0
2075S;0
R482728001;0
R112239205;0
2048S;0
2019M;0
2079XL;0
2090XL;0
M;0
2086S;0
R102807001;0
41052RS;0
41052RXL;0
R900500100;525
R900500101;1290
R900500102;2400
R900500103;630
R900500104;980
R900500105;1236
R900500106;260
R900500120;15285
R900500121;12200
D004;3893
P004;0
58022;86
66013;107
66017;46
71017 BEI;22
66015;77
66016;5
68515;0
66018;2
68011M;67
68011L;62
68011XL;51
68011XXL;86
S1400XL 539;0
S1105 202;16
S1105 246;0
S1200G;0
S1103 215;10
S1113;6
E991;0
E992;0
41051XS;0
S1402XL;0
S1119 215;8
V107;90
11235;146
22227;86
54025;79
22232;0
11243;49
11257;0
41062S;29
41062M;29
41062L;19
41062XL;29
V200;28
V202;0
54029;0
54030;0
57107;31
63020XL 001;0
75021 BLA;134
75021 BRO;158
75021 PUR;161
R900300052;324
J611;0
71022 BLA;47
71022 RED;67
71022 VIO;44
E403;0
E404;0
E402;0
E405;0
F402;0
F403;0
F404;0
F405;0
41063XL 209;0
E304;0
H028;0
H420;0
H422;0
H421;0
H413;0
V205;0
54035;14
54036;77
54044;0
57123;59
11286;24
22268;34
E406;0
E407;0
E408;0
E409;0
E410;0
E411;0
E412;0
E413;0
E414;0
F406;0
F407;0
F408;0
F409;0
F410;0
F411;0
F412;0
F413;0
F414;0
H405;0
H406;0
H407;0
H408;0
H409;0
H410;0
H411;0
H412;0
H414;0
58030;1
11291 BLA;0
58031;12
11296;192
41069 BLA;33
11307;0
63023S BLA;6
63023XL BLA;9
63023S VIO;7
63023M VIO;0
63023L VIO;10
62046 BLA;7
65032 BLA;99
65032 STE;196
R102808001;0
71032 BLU;1
P49861;0
72007 ROS;26
72007 BEI;4
71033 PUR;54
V110;10208
V111;0
V113;87
V114;806
41071L;0
58033;9
41073S 208;0
41073M 208;0
41073XL 208;0
S1130;6
22305;9
11338;77
66022;29
66023;78
71034 BEI;10
71037 FUX;6
71037 BEI;12
57132 WHI;0
57132 BLA;0
57133 YEL;2
57134 YEL;1
57135 WHI;5
11000 FUX;30
11000 WHI;26
11000 BLA;19
11001 FUX;24
11001 YEL;36
11001 WHI;14
11002 WHI;30
11002 YEL;31
11002 BLA;28
63004 BLU;55
63005 ROS;141
D009;2502
R900500008;0
R900500009;0
E234;0
E522;0
R281605001;0
E039;0
F039;0
F234;0
P4990;0
F421;0
R1028SS29202;0
R1028SS29214;0
R1028SS29266;0
R1028SS29379;0
R1028SS29390;0
R1028SS29922;0
R581008DALAP;1244
R581008LAPE;3000
R581008NEGR;1536
R581008NEOR;2022
R581008NEPI;2920
R581008NEYE;2096
R581008RECO;500
J510;0
J508;0
J010;0
J011;0
J012;0
J106;0
J108;0
J110;0
58037;47
0644;0
R900200116;0
R900200117;0
J118;0
J120;0
J114;0
J116;0
J019;0
J017;0
J015;0
J215;0
J119;0
J213;0
J217;0
R102824292;0
R102824001AB;0
R581808DBLU;0
R581808LBLU;0
R581808ORA;0
R581808PIN;0
R581808YEL;0
R108824280HEM;0
R900200118;0
E199;0
39001 WHI;484
39001 YEL;7
39001 RED;0
39001 ORA;25
39001 BLU;275
39001 PIN;1
39001 VIO;0
39001 GRE;745
39001 TUR;0
39001 BLA;700
F520;0
F521;0
F522;0
F523;0
F524;0
D102S;0
D102M;0
D102L;0
D102XL;0
D102XXL;0
D103S;0
D103M;0
D103L;0
D103XL;0
D103XXL;0
2601;659
2602;379
2603;385
R900311003;0
R900311005;0
R900311007;0
R900311008;2860
R102832001AB;0
R102814001AB;0
R102808223;0
P3337;0
2073;324
R48840606001;0
P4660 BLA;0
P4659 GRY;0
41042XS 539;0
41068XS 215;35
41063XS 215;0
R1780082001;0
R1780081GOS;0
P7324;0
R1780082001AB;0
P7808;0
P7328;0
P7810;0
KS005;0
P7809 SAP;0
R900200123;0
56901M;0
56901L;243
56902L;2
56903M;7
56904S;32
56904L;62
KS007;0
R461014001;0
R461014207;124
R432014001;0
R432014SINI;0
KS008;164
P22390;0
KS010;67
KS011;0
H113;0
H114;0
H115;0
H116;0
H117;0
R1088SS29001;0
H119;0
R900200125;0
R900200126;0
R900200128;0
R900200129;0
R1088SS39001;0
R432014263;0
R432014319;0
P41109GS;0
P41109RS;0
P41109RM;0
P41109RL;0
P41109RXL;0
41109RXL;10
R900311012;7595
P005;0
P32146G;0
R610622001;0
R610628001;0
R610638001;0
R432008202;0
D102XS;12
D103XS;1
KS012G40;138
KS012R40;88
KS012RG40;154
KS012G55;17
KS012R55;35
KS012RG55;60
KS013G40;68
KS013R40;136
KS013RG40;55
KS013G55;62
KS013R55;39
KS013RG55;34
KS013G70;55
KS013R70;49
KS013RG70;50
KS013G90;7
KS013R90;74
KS013RG90;70
9209;28
P61115;0
RSF7814021;0
RSF7814050;0
R900200131;0
R900200132;0
R900200133;0
R900200134;0
V213;0
V214;0
V215;0
V216;0
R482728BB;0
GUT20;0
GUT50;0
GUT100;0
R900200135;14472
R900200136;0
R46272718280;0
R46101813001;0
P61118;0
P61119;100
P61120;0
P61121;0
P61122 WHI;0
P61122 RED;0
KS014R40;72
KS014G40;31
KS014RG40;46
KS015;293
R900311013;463
R1088SS24001;0
R1088SS24204;0
R1088SS24202;0
R1088SS24238;0
R48840606227;0
11642;0
11645;0
FUR0021;72
R108832371;0
R108832209;0
R108832229;0
R48840606212;0
R474510001AB;0
R474510MBLU;0
R474810283;0
R474810262;0
R474410502;0
R474410202;0
R581805620;0
R581805294;0
R581806769;0
R581706769;0
R581706620;0
R581708621;0
R900200137;0
FUR0001;0
R900200138;9238
R474406001AB;0
R474406371;0
R474805202;0
R474805283;0
R581708617;0
R432008GOS;0
R432008001AB;0
2604;96
2605;19
2606;99
2607;54
2608;97
2608;97
V220;83
V221;284
V222;204
2609;173
FUR0005;0
FUR0006;0
FUR0007;0
FUR0008;0
FUR0009;0
R900311014;0
P61124;0
KS016R50;0
KS016R80;0
P63218S BLU;0
P61125 BLU;0
R484106202;0
P63217S BLA;0
P63217M BLA;0
P63217L BLA;0
P63217XL BLA;0
P63218M BLU;0
P63218L BLU;0
P63218XL BLU;0
P63219S CHA;0
P63219M CHA;0
P63219L CHA;0
P63219XL CHA;0
P63220S GRE;0
P63220M GRE;0
P63220L GRE;0
P63220XL GRE;0
P63221S PUR;0
P63221M PUR;0
P63221L PUR;0
P63221XL PUR;0
R610622001 AB;0
FUR0010;0
FUR0002;0
R900200139;0
R48840808001;0
FUR0011;0
FUR0012;0
P61126 BLU;0
P61126 RED;0
P63223S RED;0
P63223M RED;0
P63223L RED;0
P63223XL RED;0
P63224S BLU;0
P63224M BLU;0
P63224L BLU;0
P63224XL BLU;0
P62068 RED;0
P62068 BLU;0
P62069;0
P62070;0
P63519;0
P63520;0
R43201410205;244
R43201410207;0
R43201410204;0
R43201410208;0
R43201410202;0
R43201410539;25
R43201410920;0
R48841110001;0
R48841110227;0
R48841110212;0
R48841110214;0
P1598;1800
P1597;0
R112212001COL;0
R280810920;0
R280810502;0
R280810227;0
R285412COL;0
R52500006001;0
P22663;0
R102804001;0
R285412001AB;0
R102803001;41717
P63225GS;0
P63225GM;0
P63225GL;0
P63225GXL;0
P63225RS GRE;0
P63225RM GRE;0
P63225RL GRE;0
P63225RXL GRE;0
P63225RS BLU;0
P63225RM BLU;0
P63225RL BLU;0
P63225RXL BLU;0
P63225RS PUR;0
P63225RM PUR;0
P63225RL PUR;0
P63225RXL PUR;0
P63225GS RED;0
P63225GM RED;0
P63225GL RED;0
P63225GXL RED;0
P63225GS BLU;0
P63225GM BLU;0
P63225GL BLU;0
P63225GXL BLU;0
P63225GS GRE;0
P63225GM GRE;0
P63225GL GRE;0
P63225GXL GRE;0
P61127;0
P61127G;0
P61115G;0
P61128;0
P61125RG;0
P63222GS;0
P63222GM;0
P63222GL;0
P63222GXL;0
P63222RGS;0
P63222RGM;0
P63222RGL;0
P63222RGXL;0
P63520G;0
P63519G;0
P63519RG;0
P61118G;0
P61118RG;0
P61129R;0
P61129G;0
P61129RG;0
P61130R;0
P61130G;0
P61130RG;0
P61131R;0
P61131G;0
P61131RG;0
P63227RS;0
P63227RM;0
P63227RL;0
P63227RXL;0
P63227RGXL;0
P22677G;0
P22677R;0
P22678R;0
P11783R;0
P11783G;0
KS001G;164
KS002G;0
KS001RG;8
KS002RG;0
V501;0
V223;3
V217;0
P61132;0
P61132 BLU;0
P61132 GRE;0
P61132 PIN;0
R610616SINI;0
R610616LTSAPSHI;0
R610616LTSIASHI;0
2609 BLU;88
2610 BLU;38
R112239539;0
R112239276;37
R112239296;0
R112239215;0
2612 WHI;96
2612 BLU;360
2613 WHI;78
2613 BLU;330
R900500122;0
R900500123;0
R900500124;0
R900500125;0
V116;0
R900100106;0
V225;177
P32231;0
V117;227
R474810223;0
R900100134;45000
R900100135;29800
R900100136;0
R900100137;0
R900100138;19800
V229;0
V230;59
61154 BLU;226
R900200141;0
R412008001;0
R432014207;0
P63520GL;0
P63520RGL;0
V231;0
FUR0026;0
R900311015;6720
2614;190
FUR0027;0
FUR0028;0
R900200142;0
R102808001AB;0
P22885R;0
P22885RG;0
P32270R;0
P32270RG;0
R900311016;420
R900311017;4800
R900311018;1000
R900311019;4500
R102803223;0
R102809209;0
R102803209;0
R43201410246;0
R43201410922;0
R432008202IGN;0
R432008223IGN;0
R432006223IGN;0
R432006202IGN;0
R900311020;34888
R102805246;0
R102805223;0
41152RG;0
R43201410142;0
R900311022;2090
FUR0029;127
R900311023;9991
R900311024;13969
R900311025;24406
R900311026;0
R900311027;20398
R900311028;10626
R581808650;0
R461014204;149
R461014205;29
R461014208;67
FUR0030;0
R500006001AB;0
R900311029;4281
FUR0031;0
R43201410149;144
R43201410144;144
A;0
R43201410223IGN;0
R102813001;0
R432014X10IRISF;0
FO002G;11
FO002;52
R53286215;0
R58108001616;0
F701;0
F702;0
MINI1;0
MINI2;30
ENDE1;0
57002 BLA;37
HAUPTK;195
REPKIT;0
REPFOR;0
STICKER01;112
STICKER02;81
PL;0
P202;750
D202XS;18
D202S;49
D202M;80
D202L;102
D202XL;355
D202XXL;97
D202XXXL;30
D203XS;0
D203S;260
D203M;216
D203L;189
D203XL;259
D203XXL;122
D203XXXL;51
E624;0
E625;0
E628;0
F624;0
F625;0
F628;0
H624;0
H625;0
H628;0
E629;0
E630;0
E631;0
BANNER;0
E401;0
F401;0
V108;0
F044;0
GIFT;0
9983;4651
D302;689
V206;407
IMP001 BLA;216
IMP001 FUX;206
IMP001 WHI;225
IMP002 WHI;110
IMP002 YEL;148
IMP002 FUX;93
IMP003 WHI;131
IMP003 YEL;194
IMP003 BLA;109
IMP004 WHI;170
IMP004 BLA;188
IMP004 FUX;201
D6904;9
11348;47
P6904 BLA;0
11371 246;2
P6904 BLU;0
P6904 VIO;0
P6904 WHI;0
V400 WHI;526
V400 BLA;373
11017 GRE;18
P2900;0
P2900BR;0
TROW;1000
11450;4
P012;0
D012 BLA;173
D012 FUX;281
D012 BLU;350
R620306001;0
ALCANTARA;0
GARANTIE;27675
E493;0
E494;0
E495;0
E496;0
E497;0
E498;0
E499;0
E480;0
69101;0
P11522;332
P22388;270
P11523;0
P11523G;0
P22389R;7
P22389G;10
R733981001GSHA;0
R733981280HEM;0
P61108;0
P61109 001;0
P61109 BLU;0
P61112 001;0
P61112 RED;0
P61112 GRE;30
P61113;0
Z;0
REP;0
P11581G;0
RZIR05001;0
RZIR055001;0
P62062;0
RZIR04001;0
E980;0
RT0001;0
P11616R;0
P11616G;0
R855820001AB;0
R855820514;0
C001;0
C002;0
C003;0
C004;0
C005;0
C006;0
CRYCARD;0
RZIR06001;0
R570801;0
R570799;1496
IMAGE;0
NB-DIFFERENZ;0
K0001R;148
FUR0020;11
FUR0019;0
FUR0018;0
FUR0017;0
P401;0
V401;23
P402;0
FUR0022;0
P62067;0
RZIR08001;0
RZIR065001;0
RZIR065CHA;0
RZIR065FPUR;0
RZIR065FBLU;20
RZIR065GRE;0
P62066 PUR;0
P62066 BLU;0
P62066 CHA;0
P62066 BLA;0
P62066 GRE;0
RCOLMAR;0
R8700-9;0
R8900-9;0
FUR0015;4
FUR0016;5
RZIR05BLU;0
RZIR05RED;80
RZIR015001;0
RZIR03001;0
RZIR011001;0
RZIR025001;0
P11728R;0
P11728G;0
R208816001;0
R280806001AB;0
R778252MALL;0
K0005;4000
P11746;0
P22648;0
R2058SS9COL;0
R2058SS9001;0
R2088SS16COL;0
R2088SS20COL;0
R2088SS30COL;0
R492914MOZ;0
R492924MOZ;0
RZIR018001;0
RZIR010001;0
RZIR012001;0
RZIR013001;0
RZIR020001;0
WEDDING17;0
P41136XL;0
P41136L;0
P41136M;0
P41136S;0
P11771;0
P22668G;0
P22669;0
P11772;0
R108828001;0
P22671;0
R25551204202;0
RZIR015GRE;0
RZIR015BLU;0
RZIR015RED;0
P62066G;0
P62066RG;0
P62066G GRE;0
P62066G BLU;0
P62066G RED;0
P62073R;0
P62073G;0
P62073RG;0
R205805COL;0
R205806001;0
R205806001AB;0
R205809001AB;0
R208812001;0
R208812001AB;0
R208820001;0
RKREIS01GP;0
RKREIS02GP;0
RKREIS03GP;0
RKREIS04GP;0
RZIR015LTBLU;0
RZIR015PUR;0
P22685R;0
P11791G;0
P11791R;0
P11792;0
P22686;0
P11793;0
P22687;0
R665627BLU;0
R4228157202;0
R4228157207;0
R4228157204;0
R4228157214;105
R4228157262;21
V32003G;0
V32088;0
V304;0
RKREIS04RP;0
RKREIS03RP;0
RKREIS02RP;0
RKREIS01RP;0
IMAGEW17;0
V218;207
P6904 GRE;0
P6904 DBLU;0
P6904 RED;0
P6904 GOL;0
R532804COL;0
R532804EFF;0
V305;118
P11800;0
P32208R;0
P11801;0
P11802;0
P22692;0
P22693;0
P11803;0
P22694;0
R432014RBLU;0
R432014DRED;144
SILBER17;0
R412014DRED;6
R412014PYEL;336
R412014RBLU;8
R412014RGRE;29
R447010RGRE;64
R447010ERIS;81
R452714GOS;104
R452714LTAM;27
R452714207;11
R447010LSAS;0
R447010LSIS;0
R447010LTOS;0
RZIRSQ2;0
R452714ERIN;0
P67019M;0
P67019L;0
P67020M;0
P67020L;0
P67021M;0
P67021L;0
P67022;0
IMAGEXMAS;0
FUR0013;0
FUR0014;0
FUR0023;5
P32207;0
P32206;0
P32205;0
RZIR025BLU;0
RZIR025GRE;0
P62074;0
P62074 BLU;0
P62074 GRE;0
P62074 PIN;0
P11820;0
P22710;125
P32213;0
P61133;0
P62075;0
P61134;0
P62077;0
P63228S;0
P63228M;0
P63228L;0
P63228XL;0
P63229S;0
P63229M;0
P63229L;0
P63229XL;0
P63229XXL;0
P61135;0
P62078;0
P61136;0
P62079;0
P63230S;0
P63230M;0
P63230L;0
P63230XL;0
P63231S;0
P63231M;0
P63231L;0
P63231XL;0
P61137R;0
P62080R;0
P61137G;0
P62080G;0
P39100;0
P39101;0
P39102;0
P39103;0
P39103RG;0
P39104;0
P39104G;0
P11831;0
P11832;0
P11833;0
P11835;0
P11836;0
P11837;0
P11838;0
P11839;0
P11840;0
P11841;0
P11842;20
P11843;0
P11844;0
P11845;0
P11846;0
P11848;0
P11849;0
P11850;0
P11851;0
P11852;0
P11853;0
P11854;0
P11855;0
RZIRDR5X3001;0
P11834;0
P66025;0
P11856;0
P11859;0
P11860;0
P11861;0
P32218;0
P67023L BLA;0
P67023M BLA;0
P67023M BLU;0
P67023L BLU;0
39105;0
R102805001;0
R704865001;0
R704865CHRM;0
COM;0
P41143;0
P11871;0
P22724;0
P11872;0
R112214238;17
R112214371;0
R112212238;0
R112212266;90
R112214266;0
V306;264
V307;220
RLAVA8;0
V405;960
P65058 WHI;0
P65058 GRY;0
P65058 BLU;0
P65059 SIL;0
P65059 GOL;0
V308;16
P63210S;0
P63210M;0
P63210L;0
P63210XL;0
P63211S;0
P63211XL;0
SP0057;0
SP0058;0
P11335R;0
P22301R;0
P22728;5
P22729;4
P11881;0
P11882R;31
P22730R;40
R74003MOL;0
R74003CHRM;0
P11890R;0
P11890G;0
R447010208;173
R447010539;144
R447012539;4
R447012208;0
R47070708001;0
R47071306001;0
P11895;0
P11898;0
P22747;105
R643010BBL;0
P61138 BLU;0
P61138 PUR;0
P61138 TOP;0
P61138 WHI;0
P62081 WHI;0
P62081 PUR;0
P62081 BLU;0
P62081 TOP;0
P61139R;0
P61139G;0
P62082R;0
P62082G;0
P62083 WHI;0
P62083 MIN;0
P62083 RED;0
P62083 TOP;0
P41144RS;0
P41144RM;0
P41144RL;0
P41144RXL;0
P41144GS;0
P41144GM;0
P41144GL;0
P41144GXL;0
RZIR08GRYBLU;7
RZIR08PURPIN;0
RZIR06AMBER;0
RZIR06GRYBLU;0
RZIR06PURPIN;0
RZIRSQ6001;0
RZIRSQ6MIN;0
RZIRSQ6RED;0
R643010AB;0
P63233S;0
P63233M;0
P63233L;0
P63233XL;0
P61141;0
P32224;0
P32222;0
P32222G;0
P32222RG;0
P22759;163
P22759RG;0
P11911;36
P11911RG;0
P32225;0
P32226;0
P32226RG;0
P11914;0
P22764;0
P22764RG;0
P32224RG;0
P32223G;0
R412008204;120
R412008207;0
R412014204;0
R412014207;288
P11918;0
P11919;0
R412014SINI;297
R447010SINI;0
P61142 MIN;0
P61142 RED;0
P61142 TOP;0
P61142 WHI;0
61140;0
SWARO18;0
P11920RG;0
P11922;0
P11922RG;0
R422815AB;48
R412014GOS;0
R412008GOS;0
P22766G;0
P22766R;0
P22767R;0
P22767G;0
R700134CHRM;0
R700134MOL;0
R700045CHRM;0
R700045MOL;0
P11883;9
P22731;66
R900500108;0
R900500109;0
R74003 MLGLD;0
P11924;200
P22730G;0
P22731G;0
R700045MLGLD;0
P11882G;0
P11883G;0
WELCOME;0
DISPLAY;0
SELLING;0
POSTIT;0
R1122SS29BUNT;0
21099;966
P41145GM;0
P41145GL;0
P41145GXL;0
P41145RM;28
P41145RL;29
P41145RXL;10
V32003R;19
PROMOWIN18;0
V32043;0
R532806COL;0
P22729G;0
P22747G;0
R412008360;165
FUR0024;0
P11935;0
P11936;0
P22769;0
RZIR8X5BLU;0
RZIR8X5MOR;0
R9510014LTCHR;0
P11939;0
P32230;0
32231 207;0
RZIR014001;0
R9510014BBL;0
R43201410IVO;0
R43201410MINT;0
R43273020BURG;0
R43273020MINT;0
R43273020ROYBLU;0
R43201410BUR;0
RZIR09001;0
RZIR8X5001;0
P11939 BLU;0
P32230 BLU;0
P11944;0
P11944RG;0
P32232;0
P32232RG;0
P11951;0
P11951RG;0
P22777;0
P22777RG;0
P22778;0
P11952;0
R432730CAP;13
R205805001AB;0
R205805LTPEACH;0
R205805SILK;0
R208812LTPEACH;0
P22778G;0
P11952G;0
P11956R;0
P11956G;0
P11957R;0
P32233R;0
P32233G;0
P32234R;0
P32234G;0
P32235R;0
P32235G;0
P32236R;0
P32237;0
P11969;0
P22785;0
P11970;0
P32238RG;0
P11971;0
P11971RG;0
P32239;0
P32239G;0
P32239RG;0
P22786;0
P22786G;0
P22786RG;0
P11972;0
P11972G;0
P11972RG;0
P22787;0
P22787RG;0
P11973;0
P11973RG;0
P11974;246
P11974RG;0
P22789;0
P61143;0
P61144;0
P62084;0
P62085;0
R43273020LTGRY;0
R43201410LTGRY;0
R2088SS34001;0
RZIR03BLACK;0
V309;0
P11981R;0
P11982R 502;0
P11982R 227;0
P11982R AB;0
P11982RG 261;0
P11983R;0
P11983G 246;0
P11984R 001;0
P11984R 266;0
P11984R 204;0
P11985R;0
P11986R 001;0
P11986R 202;0
P11986RG 319;0
P61145;0
P62086;0
P62087;0
P63521;0
P63235S;0
P63236S BLA;0
P63236S GRE;0
P63236M BLA;0
P63236M GRE;0
P63236L BLA;0
P63236L GRE;0
P63236XL BLA;0
P63236XL GRE;0
P62088 BLA;0
P62088 GRE;0
P61146 BLA;0
P61146 GRE;0
P22791R;0
P22792R 502;0
P22792R 227;0
P22792R AB;0
P22792RG 261;0
P22793R;0
P22793G 246;0
P22794R 001;0
P22794R 266;0
P22794R 204;0
P22795R;0
P22796R 001;0
P22796R 202;0
P22796RG 319;100
R280806502;0
R280806227;0
R280806261;0
R281308001;0
R281308246;0
R285408001;0
R285408204;0
R285408266;0
R230308001;0
R230308202;0
R230308391;0
P11958G;0
R619192 CAL;0
P11968;0
RZIR030GRE;0
R712859CAL;0
R712859MOL;0
R712860CAL;0
R712860MOL;0
P11990;0
P11991;0
P11993R;0
P11993RG;0
P32242;0
P11995;0
P12000R;0
P12000RG;0
P22808R;0
P22808RG;0
SP0062;2016
P12002;0
P62089 WHI;0
P62089 ROS;60
P62089 BLU;0
P61148 WHI;0
P61148 ROS;0
P61148 BLU;0
P61147;0
P22809G;0
P22809RG;0
P22809R;0
P22810;0
P22810G;0
P22811;0
P22811G;0
P22812;0
R102802001;0
R433120ANTPIN;0
R433130001;0
R433130ANTPIN;0
P61150;0
R447010265;0
R447010112;64
R447010124;0
R447008371;19
R446108GOS;0
R447008202;0
R422806206;80
R422806214;350
R422806920;0
R422810920;60
R422810214;300
R422810206;400
P22802RG;0
P22802R;0
R447012LTSAPSHI;0
R447012LTTOPSHI;0
R626117AB;0
R626117RED;0
PORTO;0
R112214214;0
RZIRSQ7001;0
V310;18
V227;63
V228;67
R41201410202;218
R412014202;0
R108821001;0
R108821HEM;0
P57017 WHI;0
P57017 BLA;0
P57017 BLU;0
P62092 WHI;0
P61151 WHI;0
P61152R;0
P61153R;0
P12022R;0
P22820R;0
P12022RG;0
P22820RG;0
P62093;0
P61155;0
P61156;0
P62094;0
P63241SM;0
P63241LXL;0
P63522R BLU;0
RZIR030BLU;0
P61152G;0
P61153 BLU;0
P63239GS;0
P63239GM;0
P63239GL;0
P63239GXL;0
12013 001;0
RZIRSQ7MIN;0
P61151 RED;0
P61151 GRE;0
P62092 RED;0
P62092 GRE;0
P22840R;0
P22840G;0
P22844;0
P22844RG;0
P12047;0
P12047RG;0
P12048;0
P62095;0
R422806001;0
R2088SS30001;0
R447010266;66
R447010371;0
P12052R;0
P12052RG;0
P22851R;39
P22851RG;10
STAUMUSTER;0
P12067RG;0
P12067R;0
P12069RG;0
P12071;0
P12071RG;0
R271406001;0
R271410001;0
P12072;0
R447010001;39
R447010204;72
P12075 001;0
P12075 207;0
R422815207;250
R422815001;0
R479909GOS;0
R479909142;0
R479909144;0
R479909143;0
R479909140;0
R479909202;0
FUR0025;14
R412014205;0
R412008205;190
R412008208;0
R412014208;0
R412008202;0
V311OW;60
R447010205;0
R447010132;132
R447010276;0
R447010142;0
R447010133;114
R108845001;0
R108845204;0
R108845202;0
R108845215;0
R108845246;0
R108845296;0
22840 204;0
22840 202;0
22840 215;0
22840G 001;0
R108831001;0
RZIR0125001;0
RZIR0375001;0
R504006AB;0
R504006211SHIM;0
R504006204SHIM;0
R504006226SHIM;0
R532803AB;0
R532803202;0
R532803215SHIM;0
R532803213;0
R532803226SHIM;0
R532803209SHIM;0
R532803371;0
R532804243AB;0
R532804211SHIM;0
R560104AB;0
R560104204;0
V12033;0
V12032;36
V12034;40
R560104211SHIM;0
R108829107;0
R208820132;0
R208820107;0
R208820142;0
R208820146;0
R208820143;0
R108839143;0
R108839107;0
R532804246;0
P32252R MUL;0
P32252R 001;0
P12087R 132;0
P12087R 107;0
P12087R 124;0
P22865R 142;0
P22865R 132;0
P22865R 107;0
P22865R 124;0
P32253R 143;0
P32253R 142;0
P32253R 107;0
P32253R 124;0
P32253G 001;0
P12088R 143;0
P12088R 142;0
P12088R 107;0
P12088G 001;0
P22866R 143;0
P22866R 142;0
P22866R 107;0
P22866G 001;0
P22867R 142;0
P22867R 107;0
P22867G 001;0
P32254 MUL;0
P61158 PIN;0
P61158 WHI;0
P61159;0
P62097;0
P61160;0
P22868;0
P12089;0
P12090 204;0
P12090 211;0
P22869 204;0
P22869 211;0
P22869 226;0
P12092 BLU;0
P12092 VIO;0
P32255 BLU;0
P32255 BLA;0
P32256 AB;0
R108824213;0
R108824211;0
R108824226;0
R108824209;0
R108824206;0
R108829001;0
R560104246;0
R108829143;0
R108829142;0
P12087G 221;0
R108839142;0
R108824283;0
R108831001AB;0
SPD001;0
2615;11
SPD002;0
R500008COL;0
P12096;0
P12097;0
P12098;0
P12099;0
P12100;0
P12101;0
P12102;0
P12103;0
P12104;0
P12105;0
P12106;0
P12107;0
P22873;0
P22874;0
P22875;0
P22876;0
P22877;0
P22878;0
P22879;0
P22880;0
P22881;0
P22882;0
P22883;0
P22884;0
P32258;0
P32259;0
P32260;0
P32261;0
P32262;0
P32263;0
P32264;0
P32265;0
P32266;0
P32267;0
P32268;0
P32269;0
P12108;0
P22886;0
P22887;0
P12110;0
P22888;0
P12111;0
P22889;0
P12112;0
P22890;0
P12113;0
P22891;0
P12114;0
P22892;0
P12115;0
P12117R;0
P12117G;0
P12118R;0
P12119R;0
P12119RG;0
P22894R;0
P22894G;0
P22895R;0
P22896R;0
P22896RG;0
P32271R;0
P32271G;0
P32272R;0
P32273R;0
P32273RG;0
R112832001;0
R432008246;0
RZIR0230001;0
P32275;0
P32275G;0
P63242;0
P63243;0
RZIR016001;0
P12141;0
P12142G;0
P12142;0
P12143;0
P32280;0
P32280G;0
P32280RG;0
P41148S;0
P41148M;0
P41148L;0
P41148XL;0
P41149S;0
P41149M;0
P41149L;0
P41149XL;0
P22904;0
P22904G;0
P22904RG;0
P62101;0
P63244S;0
P63244M;0
P63244L;0
P63244XL;0
P61163;0
P12141RG;0
P12132;0
P22905;0
R108824246;0
V118;384
V32105;0
KNG100M;560
KNG100L;87
DIF;0
R932819001;0
R932914 001;0
R932917280;0
R932920001AB;0
R932946 246;0
R933848001;0
R932913 BLU;0
V232;403
P81000;9226
V312;750
R932921319;0
R932921263;0
R934406;0
R934409 001AB;0
R934408;0
RLOL0001;0
RLOL0002;0
R932921001AB;0
V313;680
P61164 WHI;0
P61164 FUX;0
P62103 WHI;0
P62103 FUX;20
P63245S WHI;0
P63245M WHI;0
P63245L WHI;0
P63245XL WHI;0
P63245S FUX;0
P63245M FUX;0
P63245L FUX;0
P63245XL FUX;0
P61166;0
P61167;0
P62102;0
P61168;0
P63246S;0
P63246M;0
P63246L;0
P63246XL;0
P62104;0
P12151;0
P12151RG;0
P12150;0
P12150RG;0
P12152;0
P12152RG;0
P12153;0
P12153G;0
P12153RG;0
P22913G;0
P22913RG;0
P22911;0
P22911RG;0
P22912;0
P22912RG;0
P12154;0
P12154G;0
P32285;0
P32284;0
P32284G;0
P32284RG;0
P32285RG;0
P12155;0
P12155RG;0
P22914;0
P22914RG;0
P22915;0
P22915RG;0
P12156;0
P12156RG;0
P32286;0
P32286G;0
P32287;0
RZIR6X3BAG;0
RZIR3X3SQU;0
RZIR4X4TRI;0
R432006209;0
RZIR06CUSH;0
RZIR05HEARED;0
RZIR05HEAWHI;0
RZIR06HEARED;0
RZIR06HEAWHI;0
RZIR08PEAR;0
ZIRCONIA;0
P22916;185
P12157;104
P12158G;0
P12158R;0
R488411001;0
R488411202;0
R488411227;0
V314;857
P12159;0
P32287G;0
P62106;0
P61172;0
P61170;0
P63523;0
P61171;0
P12169;0
P22918;0
P32288;0
PL1010DIV;0
PL1010MER;0
PL1010QUE;0
PL1010LOL;0
PL1011DIV;0
PL1011MER;0
PL1011QUE;0
PL2010DIV;0
PL2010MER;0
PL2010QUE;0
PL2011DIV;0
PL2011MER;0
PL2011QUE;0
PL3010DIV;0
PL3010MER;0
PL3010QUE;0
PL5010STLOL;0
PL5010RGLOL;0
PL2012STLOL;0
PL1012STLOL;0
PL3011STLOL;0
PL3012DIV;0
PL3012MER;0
PL3012QUE;0
PL3013STLOL;0
PL3013RGLOL;0
PL3014QUE;0
PL3014MER;0
PL3014DIV;0
PL3015RGLOL;0
L3013STLOL;21
R102801001;0
R102802246;0
R102802276;0
R102805276;0
R108832207;0
R108832205;0
R10883920;0
R1088SS29205;0
R1088SS29207;0
R1088SS29920;0
R108832920;0
P41150M 202;0
P41150L 202;0
P41150XL 202;0
P41150M 223;0
P41150L 223;0
P41150XL 223;0
P22919 202;0
P22919 223;0
P12170 202;0
P12170 223;0
P12171RG;0
P12159G;0
P22920;0
P22920RG;0
KS017R40;0
KS017R15;0
P12172;0
R447010202;0
L9901;0
R642806001;0
L5011BAG;0
R110001223;0
R110001001;0
R110001246;0
R900311021;0
R932914280;0
R581326001;0
R586688001;0
R586689001;0
SAM01;0
R20099;0
12187;1
12187RG;0
32291;7
32291RG;0
41152;0
12188;0
81030S;269
81031S;654
81032S;729
81033S;120
P81030S;2907
P81031S;2230
P81032S;1942
P61175;0
P61176;0
P61177;0
P61178;0
81035;0
81036;0
81037;0
R432730202;0
P41154M;0
P41154L;0
P41154XL;0
P61179;0
P61180;0
41155S;0
41155M;0
41155L;0
41155XL;0
P62110;0
CAT2021;0
81040;0
81042;110
ST001;0
ST002;0
ST003;0
12198G;0
P12207;0
P22976;0
P61183;0
P61184;0
P12199;0
P12199G;0
P12232;0
P12233;0
P22995;0
P22996;0
P12245;0
R447010234;0
R447010219;0
R447010215;142
R412086234;0
R412086204;0
81043XS;0
81043S;0
81043M;0
81044XS;0
81044S;0
81044M;0
81045XS;0
81045S;0
81045M;0
R41200806234;100
R412008280;180
R447010107;0
R412086276;0
R447010147;0
R412086205;0
R412008276;75
ROCTAG1008204;0
ROCTAG1008207;0
ROCTAG1008227;0
ROCTAG1008205;0
R412006205;0
P11670 208;0
R500004202SHIM;0
R500004214SHIM;0
R500004212SHIM;0
R532803214;0
R532803234;0
R532804202;0
R532804214;0
R532804213;0
R532804371;0
R442802001;0
P32299;0
P32299G;0
P11670 205;0
R2088SS40001;0
P32316;0
P32316RG;0
P23014;0
P23014RG;0
P12254;0
P12254RG;0
P41164S;0
P41164M;0
P41164L;0
P41164XL;0
P41165S;0
P41165M;0
P41165L;0
P41165XL;0
32320;246
32320G;63
12258;20
12259;48
12260;37
12261;15
P32321;0
P32321G;0
P12257G;0
P12257;0
P23016;0
P23016G;0
P12259;0
P12262 BLU;0
P12262 GRE;0
P12262 VIO;0
P32323 BLU;0
P32323 GRE;0
P32323 VIO;0
R208820001AB;0
P62130 WHI;0
P62130 BLU;0
P62130 ROS;0
P62130 MIN;0
P63262S;0
P63262M;0
P63262L;0
P63262XL;0
P63263S;0
P63263M;0
P63263L;0
P63263XL;20
P63264S;0
P63264M;0
P63264L;0
P63264XL;0
P63265S;0
P63265M;0
P63265L;0
P63265XL;0
RZIR6X8OVAL001;0
RZIR6X8OVALBLU;0
RZIR6X8OVALROS;0
RZIR6X8OVALMIN;0
P61186 WHI;0
P61186 BLU;0
P61186 ROS;0
P61186 MIN;0
61196;5
P61195;0
P61197;0
P61190;30
P32319;0
P32319G;0
P12256;0
P12256G;0
P32320;0
P32320G;0
VALE22;0
12275;0
23036;4
12276 VIO;2
12276 BLU;2
12276 GRE;2
23037 VIO;0
23037 BLU;9
23037 GRE;3
RZIR7X5OSBLU;0
RZIR7X5OSMIN;0
RZIR7X5OSPUR;0
EASTER22;0
V311SILVER;43
2700;110
2700;110
2701;140
2702;200
2703;156
2703;156
2704;80
2705;168
2706;60
2707;59
V311 SUMMER22;35
BANNER 22-PINK;0
BANNER 22-PINK;0
BANNER 22-RINGS;0
MOTHER22;0
SAN JUAN 22;0
R447010144;0
RZIR08ROUWHI;0
SUMMER22;0
CAT 2022;180
RZIR28322WHI;0
RZIR06ROUWHI;0
V11134;0
V11321;0
V12205;0
V12263 AB;0
V12263 208;0
V12263 207;0
V11910RG;0
V11804;0
V11667R;0
V11353;0
V11788;0
V32030R;0
KS018R42;571
KS019R42;115
32361;0
32360;0
32359;0
32358;0
32357;0
32376;0
32377;0
first import 05;0
61213;0
63310S;0
63310M;0
63310L;0
63310XL;0
61220;0
61225;0
61227;0
62186RG;0
61228 BLU;1
61228G YEL;3
61228RG RED;5
63328RGXL;13
61229;0
61230;0
61231;2
62189G;0
61232;0
62198;0
62199;4
61204;39
61205;66
61207;48
63297S;32
61237;48
41194M;0
23060;0
23066;72
32339;84
12284;73
12369;16
12369G;18
32371;0
12372;8
41205S;10
41205M;16
41205L;10
41205XL;10
41204S;6
41204M;12
41204L;4
41204XL;4
41204GS;6
41204GM;14
41204GL;24
41204GXL;6
12304;1
12304G;7
12304RG;13
12345;2
12334;35
32381;41
12369RG;35
VIC22_1;0
VIC22_2;0
VIC22_3;0
VIC22_4;0
VIC22_5;0
VIC22_6;0
12367;0
12367G;0
WNP2023_GR;0
WNP2023_WELT;0
WNP2023_IT,SP;0
SPIRITS23;0
V11030R;0
TAOR2022_1;0
TAOR2022_2;0
TAOR2022_3;0
TAOR2022_4;0
TAOR2022_5;0
TAOR2022_6;0
TAOR2022_SP;0
RZIR06RDPURBRI;0
RZIR7X5OVWHI;0
RZIR7X5SQWITHOU;0
SPIRITS GIRL;0
SPIRITS NATUR;0
LIGHTBOX FOIL 1;1
LIGHTBOX FOIL 2;0
PLAKAT GIRL 1;1
PLAKAT GIRL 2;1
PLAKAT NATURE;7
R108818001;0
R108827001;0
RZIR8X6OVFRMNT;0
RZIR8X6OVWHWITH;0
R42286X3IRIS;600
R422810X5IRIS;240
R643010001;0
R41206X4MONTF;0
GREEK EYES KAT.;0
SPECIAL SILVER;0
41205GS;9
41205GM;19
41205GL;10
BAG;0
BAN;0
POG1;0
POG2;0
PON;0
FOG;0
FON;0
41205GXL;10
V311SPIRITS;4
V311PEACE;0
V311SILVER23;5
62202;3
62222;0
62221;0
62220 BLU;3
62220 ORA;0
62220RG ORA;0
62220G YEL;2
62181;3
61251G;0
57144;4500
63295;0
62223;0
62224;0
VALE23;0
BONUS 2022;4
41217L;26
BANNER GAUD;17
61228RG ORA;0
GAUDI2023;0
PRW_HEARTS_23;0
SILVER 2023;0
FREEDOM2023;0
23113RG;0
MUTTER23_1;0
MUTTER23_2;0
SUM_23;0
KS018G42;32
SPD003;0
SPD004;0
32341;0
12389;0
12400;0
CATALOG 23;0
CAT 23;0
RZIRCUP6WHI;70
RZIR8*6OVPURBRI;40
RZIROVPURBRIFAN;120
RZIRREPURBRIWHI;80
RZIRSQPRINPBMIG;70
R4200154F;4032
T1;0
32414G;80
62254;0
WINTER24;0
R53286001;0
R58108001;0
R581080012028;0
R53286361;0
R581080012029;0
R53286263;0
WNPROMO_23;0
138;0
